848493.07051, 3,  -0.089, -0.062,  9.753, 4,   0.003,  0.002,  0.001, 5, -15.740, -3.460,  4.340
848493.08050, 3,  -0.083, -0.078,  9.754, 4,   0.002,  0.000,  0.001, 5, -15.980, -3.920,  2.750
848493.09046, 3,  -0.084, -0.086,  9.738, 4,   0.001, -0.001,  0.001, 5, -16.500, -3.400,  2.400
848493.10047, 3,  -0.079, -0.105,  9.754, 4,   0.000,  0.000,  0.001, 5, -16.500, -3.400,  2.400
848493.11049, 3,  -0.089, -0.108,  9.755, 4,   0.004,  0.001, -0.000, 5, -16.100, -3.300,  3.200
848493.12068, 3,  -0.090, -0.102,  9.741, 4,  -0.000,  0.001,  0.001, 5, -16.100, -3.300,  3.200
848493.13053, 3,  -0.079, -0.095,  9.750, 4,   0.001,  0.002, -0.002, 5, -15.900, -3.100,  3.300
848493.14059, 3,  -0.078, -0.078,  9.723, 4,   0.001,  0.000, -0.003, 5, -15.900, -3.100,  3.300
848493.15052, 3,  -0.091, -0.074,  9.741, 4,   0.002, -0.000,  0.002, 5, -15.900, -2.800,  3.000
848493.16048, 3,  -0.091, -0.072,  9.755, 4,  -0.000,  0.002,  0.001, 5, -15.900, -2.800,  3.000
848493.17054, 3,  -0.085, -0.057,  9.747, 4,   0.003, -0.000,  0.001, 5, -15.900, -2.900,  3.300
848493.18050, 3,  -0.096, -0.073,  9.730, 4,   0.001,  0.001, -0.000, 5, -15.900, -2.900,  3.300
848493.19064, 3,  -0.081, -0.080,  9.748, 4,   0.001,  0.000,  0.002, 5, -15.700, -2.800,  3.400
848493.20049, 3,  -0.089, -0.068,  9.750, 4,   0.001, -0.000, -0.001, 5, -15.700, -2.800,  3.400
848493.21047, 3,  -0.083, -0.062,  9.755, 4,   0.000, -0.000, -0.000, 5, -15.700, -2.800,  3.300
848493.22051, 3,  -0.071, -0.055,  9.746, 4,   0.001, -0.000, -0.002, 5, -15.700, -2.800,  3.300
848493.23050, 3,  -0.081, -0.062,  9.725, 4,   0.001,  0.002,  0.001, 5, -15.700, -2.800,  3.400
848493.24051, 3,  -0.095, -0.050,  9.748, 4,   0.002,  0.000, -0.001, 5, -15.700, -2.800,  3.400
848493.25050, 3,  -0.086, -0.048,  9.749, 4,   0.000,  0.001, -0.001, 5, -15.800, -2.800,  3.300
848493.26051, 3,  -0.109, -0.065,  9.738, 4,   0.001,  0.002, -0.001, 5, -15.800, -2.800,  3.300
848493.27056, 3,  -0.201, -0.182,  9.910, 4,   0.001, -0.000,  0.002, 5, -15.700, -2.800,  3.400
848493.28052, 3,  -0.107, -0.133,  9.510, 4,  -0.008,  0.006,  0.001, 5, -15.700, -2.800,  3.400
848493.29047, 3,  -0.124, -0.126,  9.456, 4,   0.003, -0.000, -0.001, 5, -15.700, -2.800,  3.500
848493.30052, 3,  -0.059, -0.061,  9.805, 4,  -0.002, -0.002, -0.001, 5, -15.700, -2.800,  3.500
848493.31051, 3,  -0.086, -0.049,  9.592, 4,  -0.002, -0.002, -0.001, 5, -15.700, -2.800,  3.500
848493.32053, 3,  -0.081, -0.043,  9.750, 4,   0.003, -0.002,  0.002, 5, -15.700, -2.800,  3.500
848493.33051, 3,  -0.099, -0.044,  9.845, 4,   0.001,  0.000, -0.001, 5, -15.700, -2.800,  3.600
848493.34047, 3,  -0.120, -0.051,  9.659, 4,   0.003,  0.001,  0.002, 5, -15.700, -2.800,  3.600
848493.35051, 3,  -0.134, -0.081,  9.753, 4,  -0.000, -0.001,  0.002, 5, -15.600, -2.700,  3.500
848493.36050, 3,  -0.124, -0.089,  9.766, 4,  -0.001,  0.001,  0.002, 5, -15.600, -2.700,  3.500
848493.37050, 3,  -0.133, -0.113,  9.650, 4,   0.002,  0.000,  0.001, 5, -15.600, -2.700,  3.500
848493.38048, 3,  -0.116, -0.107,  9.768, 4,   0.000,  0.000, -0.001, 5, -15.600, -2.700,  3.500
848493.39051, 3,  -0.097, -0.101,  9.764, 4,  -0.001,  0.000, -0.003, 5, -15.600, -2.700,  3.500
848493.40052, 3,  -0.078, -0.092,  9.662, 4,   0.003, -0.001, -0.001, 5, -15.600, -2.700,  3.500
848493.41051, 3,  -0.050, -0.078,  9.811, 4,   0.001,  0.001, -0.000, 5, -15.600, -2.700,  3.500
848493.42052, 3,  -0.062, -0.062,  9.724, 4,  -0.001, -0.001, -0.002, 5, -15.600, -2.700,  3.500
848493.43052, 3,  -0.075, -0.065,  9.701, 4,   0.002, -0.001, -0.001, 5, -15.700, -2.700,  3.500
848493.44052, 3,  -0.071, -0.068,  9.787, 4,   0.002,  0.000, -0.000, 5, -15.700, -2.700,  3.500
848493.45051, 3,  -0.090, -0.091,  9.706, 4,   0.002,  0.000, -0.001, 5, -15.600, -2.700,  3.500
848493.46052, 3,  -0.096, -0.075,  9.759, 4,   0.001, -0.000, -0.000, 5, -15.600, -2.700,  3.500
848493.47053, 3,  -0.105, -0.075,  9.750, 4,   0.000, -0.000, -0.001, 5, -15.600, -2.700,  3.500
848493.48049, 3,  -0.084, -0.074,  9.726, 4,   0.001,  0.001, -0.001, 5, -15.600, -2.700,  3.500
848493.49051, 3,  -0.069, -0.049,  9.752, 4,   0.000,  0.000, -0.001, 5, -15.600, -2.700,  3.500
848493.50052, 3,  -0.045, -0.038,  9.749, 4,   0.002,  0.000, -0.000, 5, -15.600, -2.700,  3.500
848493.51049, 3,  -0.055, -0.022,  9.712, 4,   0.001, -0.001, -0.001, 5, -15.600, -2.700,  3.500
848493.52050, 3,  -0.051, -0.031,  9.758, 4,   0.002,  0.001,  0.001, 5, -15.600, -2.700,  3.500
848493.53050, 3,  -0.054, -0.045,  9.748, 4,   0.001,  0.001, -0.000, 5, -15.700, -2.700,  3.400
848493.54050, 3,  -0.092, -0.078,  9.737, 4,   0.003,  0.000,  0.002, 5, -15.700, -2.700,  3.400
848493.55050, 3,  -0.103, -0.096,  9.754, 4,   0.001,  0.001,  0.002, 5, -15.700, -2.700,  3.400
848493.56116, 3,  -0.116, -0.113,  9.731, 4,   0.001,  0.001, -0.001, 5, -15.700, -2.700,  3.400
848493.57062, 3,  -0.114, -0.108,  9.740, 4,   0.002, -0.001,  0.001, 5, -15.600, -2.700,  3.400
848493.58126, 3,  -0.114, -0.099,  9.755, 4,  -0.003, -0.002, -0.000, 5, -15.600, -2.700,  3.400
848493.59054, 3,  -0.105, -0.113,  9.712, 4,   0.001, -0.001,  0.001, 5, -15.600, -2.700,  3.400
848493.60050, 3,  -0.090, -0.099,  9.748, 4,   0.001, -0.001, -0.001, 5, -15.600, -2.700,  3.400
848493.61409, 3,  -0.097, -0.113,  9.725, 4,   0.000,  0.002,  0.001, 5, -15.600, -2.700,  3.400
848493.63085, 3,  -0.091, -0.109,  9.764, 4,  -0.002, -0.002, -0.000, 5, -15.600, -2.700,  3.400
848493.64049, 3,  -0.073, -0.103,  9.743, 4,   0.001, -0.001,  0.001, 5, -15.600, -2.700,  3.400
848493.65048, 3,  -0.056, -0.090,  9.738, 4,   0.000,  0.001,  0.001, 5, -15.600, -2.700,  3.400
848493.66053, 3,  -0.054, -0.067,  9.758, 4,  -0.000,  0.000,  0.001, 5, -15.600, -2.700,  3.400
848493.67048, 3,  -0.063, -0.059,  9.761, 4,  -0.002, -0.001, -0.000, 5, -15.600, -2.700,  3.300
848493.68048, 3,   0.018, -0.002,  9.736, 4,  -0.001, -0.001, -0.001, 5, -15.600, -2.700,  3.300
848493.69048, 3,  -0.063, -0.018,  9.740, 4,   0.001, -0.002,  0.001, 5, -15.600, -2.700,  3.400
848493.70048, 3,  -0.053,  0.002,  9.729, 4,   0.003, -0.000, -0.000, 5, -15.600, -2.700,  3.400
848493.71047, 3,  -0.087, -0.043,  9.742, 4,   0.002, -0.001,  0.001, 5, -15.600, -2.700,  3.400
848493.72076, 3,  -0.120, -0.038,  9.746, 4,  -0.002,  0.000,  0.001, 5, -15.600, -2.700,  3.400
848493.73051, 3,  -0.130, -0.040,  9.752, 4,  -0.000, -0.000,  0.001
848493.74052, 3,  -0.093, -0.047,  9.759, 4,   0.001, -0.001, -0.000, 5, -15.600, -2.700,  3.400
848493.75047, 3,  -0.093, -0.055,  9.747, 4,   0.001,  0.001,  0.002, 5, -15.600, -2.700,  3.400
848493.76048, 3,  -0.075, -0.086,  9.748, 4,   0.000,  0.004,  0.002, 5, -15.600, -2.700,  3.400
848493.77046, 3,  -0.084, -0.114,  9.758, 4,  -0.001,  0.001,  0.003, 5, -15.500, -2.700,  3.400
848493.78051, 3,  -0.091, -0.145,  9.743, 4,   0.000,  0.000,  0.002, 5, -15.500, -2.700,  3.400
848493.79050, 3,  -0.087, -0.170,  9.754, 4,   0.002, -0.001,  0.004, 5, -15.600, -2.700,  3.300
848493.80050, 3,  -0.079, -0.114,  9.747, 4,   0.003,  0.000,  0.001, 5, -15.600, -2.700,  3.300
848493.81050, 3,  -0.098, -0.113,  9.750, 4,   0.002,  0.002,  0.002, 5, -15.600, -2.700,  3.300
848493.82050, 3,  -0.103, -0.113,  9.754, 4,   0.003,  0.002,  0.003, 5, -15.600, -2.700,  3.300
848493.83050, 3,  -0.101, -0.121,  9.742, 4,   0.002,  0.001,  0.001, 5, -15.600, -2.700,  3.300
848493.84055, 3,  -0.102, -0.111,  9.729, 4,   0.001, -0.000,  0.001, 5, -15.600, -2.700,  3.300
848493.85055, 3,  -0.090, -0.096,  9.750, 4,   0.002, -0.000, -0.001, 5, -15.600, -2.700,  3.400
848493.86050, 3,  -0.103, -0.083,  9.741, 4,   0.003,  0.000, -0.001, 5, -15.600, -2.700,  3.400
848493.87049, 3,  -0.098, -0.056,  9.741, 4,   0.001, -0.001, -0.002, 5, -15.600, -2.700,  3.300
848493.88054, 3,  -0.085, -0.044,  9.743, 4,   0.003,  0.000, -0.002, 5, -15.600, -2.700,  3.300
848493.89053, 3,  -0.081, -0.040,  9.747, 4,   0.004,  0.002, -0.001, 5, -15.500, -2.700,  3.300
848493.90055, 3,  -0.110, -0.043,  9.732, 4,   0.003, -0.000, -0.001, 5, -15.500, -2.700,  3.300
848493.91055, 3,  -0.156, -0.054,  9.749, 4,   0.001, -0.000, -0.000, 5, -15.500, -2.600,  3.300
848493.92054, 3,  -0.202, -0.056,  9.730, 4,   0.000, -0.000,  0.002, 5, -15.500, -2.600,  3.300
848493.93053, 3,  -0.237, -0.074,  9.719, 4,   0.002,  0.000,  0.014, 5, -15.500, -2.600,  3.200
848493.94051, 3,   0.014, -0.047,  9.736, 4,   0.003,  0.002,  0.032, 5, -15.500, -2.600,  3.200
848493.95049, 3,  -0.080, -0.061,  9.750, 4,  -0.000,  0.001,  0.027, 5, -15.500, -2.600,  3.200
848493.96049, 3,   0.007, -0.048,  9.737, 4,   0.003, -0.002,  0.013, 5, -15.500, -2.600,  3.200
848493.97048, 3,  -0.047, -0.083,  9.750, 4,   0.001,  0.002,  0.011, 5, -15.500, -2.600,  3.300
848493.98054, 3,  -0.044, -0.086,  9.758, 4,   0.001,  0.001,  0.001, 5, -15.500, -2.600,  3.300
848493.99054, 3,  -0.044, -0.090,  9.764, 4,   0.002, -0.000, -0.001, 5, -15.500, -2.600,  3.300
848494.00054, 3,  -0.051, -0.098,  9.693, 4,   0.001,  0.002, -0.002, 5, -15.500, -2.600,  3.300
848494.01054, 3,  -0.056, -0.101,  9.753, 4,   0.003, -0.001, -0.001, 5, -15.500, -2.600,  3.300
848494.02054, 3,  -0.068, -0.096,  9.750, 4,   0.001, -0.002, -0.001, 5, -15.500, -2.600,  3.300
848494.03054, 3,  -0.096, -0.069,  9.729, 4,  -0.000,  0.000, -0.001, 5, -15.400, -2.500,  3.300
848494.04049, 3,  -0.119, -0.060,  9.737, 4,   0.000,  0.002, -0.000, 5, -15.400, -2.500,  3.300
848494.05055, 3,  -0.083, -0.051,  9.759, 4,  -0.000,  0.000, -0.000, 5, -15.400, -2.500,  3.300
848494.06055, 3,   0.633, -0.253,  9.761, 4,   0.001, -0.001, -0.001, 5, -15.400, -2.500,  3.300
848494.07053, 3,   1.263, -0.777,  9.729, 4,  -0.000,  0.000,  0.047, 5, -15.400, -2.500,  3.300
848494.08049, 3,   0.311, -0.710,  9.786, 4,   0.001, -0.006,  0.194, 5, -15.400, -2.500,  3.300
848494.09054, 3,   0.290, -0.405,  9.761, 4,   0.001, -0.002,  0.327, 5, -15.400, -2.500,  3.300
848494.10052, 3,  -0.752, -0.044,  9.708, 4,   0.002, -0.009,  0.373, 5, -15.400, -2.500,  3.300
848494.11052, 3,   0.086,  0.175,  9.750, 4,   0.003, -0.006,  0.369, 5, -15.400, -2.500,  3.300
848494.12052, 3,   0.247, -0.013,  9.740, 4,   0.001, -0.009,  0.335, 5, -15.400, -2.500,  3.300
848494.13051, 3,   0.065,  0.022,  9.779, 4,   0.001, -0.009,  0.356, 5, -15.400, -2.400,  3.300
848494.14052, 3,   0.162,  0.267,  9.711, 4,   0.005, -0.009,  0.351, 5, -15.400, -2.400,  3.300
848494.15053, 3,   0.053, -0.090,  9.734, 4,   0.003, -0.007,  0.239, 5, -15.400, -2.400,  3.300
848494.16060, 3,  -0.441, -0.141,  9.703, 4,   0.000, -0.007,  0.177, 5, -15.400, -2.400,  3.300
848494.17048, 3,  -0.385, -0.001,  9.657, 4,   0.001, -0.004,  0.084, 5, -15.400, -2.400,  3.300
848494.18054, 3,  -0.652, -0.151,  9.731, 4,  -0.001, -0.006, -0.055, 5, -15.400, -2.400,  3.300
848494.19051, 3,  -0.735, -0.237,  9.714, 4,  -0.002, -0.004, -0.112, 5, -15.400, -2.300,  3.200
848494.20049, 3,  -0.559, -0.146,  9.746, 4,   0.001, -0.003, -0.104, 5, -15.400, -2.300,  3.200
848494.21053, 3,  -0.204, -0.318,  9.741, 4,   0.001,  0.000, -0.032, 5, -15.400, -2.300,  3.200
848494.22055, 3,   0.226, -0.591,  9.754, 4,   0.002, -0.001,  0.034, 5, -15.400, -2.300,  3.200
848494.23048, 3,   0.450, -0.827,  9.759, 4,   0.001, -0.002,  0.098, 5, -15.400, -2.300,  3.200
848494.24054, 3,   0.728, -0.897,  9.773, 4,   0.002, -0.004,  0.194, 5, -15.400, -2.300,  3.200
848494.25049, 3,   1.056, -0.688,  9.770, 4,   0.000, -0.008,  0.269, 5, -15.400, -2.300,  3.200
848494.26054, 3,   0.798, -0.277,  9.717, 4,   0.001, -0.010,  0.329, 5, -15.400, -2.300,  3.200
848494.27054, 3,   0.954, -0.051,  9.713, 4,  -0.001, -0.008,  0.368, 5, -15.400, -2.200,  3.200
848494.28049, 3,   0.500,  0.069,  9.688, 4,   0.003, -0.009,  0.333, 5, -15.400, -2.200,  3.200
848494.29053, 3,   0.842,  0.170,  9.726, 4,   0.001, -0.010,  0.286, 5, -15.400, -2.200,  3.100
848494.30053, 3,   0.754, -0.062,  9.747, 4,  -0.003, -0.013,  0.264, 5, -15.400, -2.200,  3.100
848494.31049, 3,   0.692,  0.244,  9.743, 4,  -0.002, -0.011,  0.275, 5, -15.400, -2.200,  3.100
848494.32055, 3,   0.615,  0.345,  9.767, 4,   0.006, -0.008,  0.269, 5, -15.400, -2.200,  3.100
848494.33048, 3,   0.427,  0.168,  9.734, 4,   0.001, -0.007,  0.297, 5, -15.500, -2.100,  3.100
848494.34054, 3,   0.302,  0.245,  9.713, 4,  -0.002, -0.014,  0.339, 5, -15.500, -2.100,  3.100
848494.35055, 3,   0.326,  0.101,  9.761, 4,   0.001, -0.012,  0.363, 5, -15.400, -2.000,  3.000
848494.36053, 3,   0.488, -0.061,  9.731, 4,   0.005, -0.006,  0.318, 5, -15.400, -2.000,  3.000
848494.37048, 3,   0.516, -0.080,  9.719, 4,   0.000, -0.007,  0.272, 5, -15.500, -2.000,  2.900
848494.38049, 3,   0.558,  0.012,  9.752, 4,   0.003, -0.005,  0.220, 5, -15.500, -2.000,  2.900
848494.39053, 3,   0.457,  0.248,  9.682, 4,   0.002, -0.005,  0.192, 5, -15.500, -1.900,  2.900
848494.40054, 3,   0.415,  0.209,  9.773, 4,  -0.002, -0.004,  0.035, 5, -15.500, -1.900,  2.900
848494.41053, 3,   0.407,  0.281,  9.753, 4,  -0.005, -0.004, -0.012, 5, -15.500, -1.900,  2.800
848494.42054, 3,   0.413,  0.069,  9.734, 4,   0.003,  0.000, -0.043, 5, -15.500, -1.900,  2.800
848494.43054, 3,   0.490, -0.299,  9.722, 4,   0.003,  0.001, -0.057, 5, -15.500, -1.800,  2.700
848494.44055, 3,   0.365, -0.504,  9.720, 4,   0.003, -0.001, -0.061, 5, -15.500, -1.800,  2.700
848494.45049, 3,   0.202, -0.429,  9.729, 4,   0.000, -0.001, -0.004, 5, -15.500, -1.700,  2.500
848494.46054, 3,   0.108, -0.087,  9.731, 4,   0.002, -0.001,  0.090, 5, -15.500, -1.700,  2.500
848494.47049, 3,   0.059,  0.209,  9.710, 4,   0.000, -0.007,  0.102, 5, -15.600, -1.600,  2.400
848494.48053, 3,   0.158,  0.300,  9.701, 4,  -0.003, -0.011,  0.062, 5, -15.600, -1.600,  2.400
848494.49050, 3,   0.274,  0.229,  9.768, 4,  -0.000,  0.000, -0.017, 5, -15.600, -1.500,  2.200
848494.50048, 3,   0.232, -0.024,  9.717, 4,  -0.001, -0.003, -0.092, 5, -15.600, -1.500,  2.200
848494.51051, 3,   0.312,  0.080,  9.711, 4,  -0.004,  0.002, -0.130, 5, -15.600, -1.500,  2.000
848494.52050, 3,   0.322,  0.186,  9.705, 4,  -0.003, -0.006, -0.112, 5, -15.600, -1.500,  2.000
848494.53048, 3,   0.079, -0.025,  9.776, 4,  -0.005, -0.002, -0.155, 5, -15.600, -1.400,  1.800
848494.54049, 3,   0.107, -0.022,  9.766, 4,  -0.000, -0.011, -0.177, 5, -15.600, -1.400,  1.800
848494.55051, 3,  -0.044, -0.040,  9.783, 4,   0.003, -0.001, -0.142, 5, -15.600, -1.300,  1.600
848494.56049, 3,  -0.048,  0.117,  9.732, 4,  -0.001, -0.006, -0.105, 5, -15.600, -1.300,  1.600
848494.57048, 3,   0.010,  0.312,  9.756, 4,   0.006, -0.002, -0.042, 5, -15.600, -1.200,  1.200
848494.58055, 3,   0.037,  0.311,  9.766, 4,  -0.002, -0.014, -0.004, 5, -15.600, -1.200,  1.200
848494.59050, 3,  -0.007,  0.120,  9.685, 4,   0.004,  0.004, -0.035, 5, -15.706, -1.091,  0.856
848494.60054, 3,   0.008,  0.029,  9.719, 4,   0.003, -0.006, -0.041, 5, -15.706, -1.091,  0.856
848494.61049, 3,   0.171, -0.097,  9.734, 4,   0.003,  0.000, -0.023, 5, -15.922, -0.724, -1.707
848494.62054, 3,   0.180,  0.017,  9.710, 4,  -0.002, -0.001, -0.031, 5, -15.922, -0.724, -1.707
848494.63049, 3,   0.320,  0.062,  9.698, 4,   0.001,  0.008, -0.062, 5, -16.355, -0.176, -4.034
848494.64055, 3,   0.194,  0.016,  9.761, 4,   0.001,  0.002, -0.105, 5, -16.355, -0.176, -4.034
848494.65056, 3,   0.220, -0.048,  9.682, 4,   0.003,  0.013, -0.116, 5, -17.463, -0.225, -6.605
848494.66048, 3,   0.115, -0.066,  9.718, 4,  -0.001, -0.007, -0.134, 5, -17.463, -0.225, -6.605
848494.67054, 3,   0.259,  0.098,  9.735, 4,  -0.003, -0.006, -0.154, 5, -18.156, -0.283, -9.629
848494.68055, 3,   0.110,  0.145,  9.711, 4,   0.001,  0.003, -0.199, 5, -18.156, -0.283, -9.629
848494.69054, 3,   0.154,  0.200,  9.770, 4,   0.000, -0.001, -0.238, 5, -20.065, -1.026,-11.563
848494.70054, 3,   0.129,  0.008,  9.720, 4,  -0.005, -0.006, -0.250, 5, -20.065, -1.026,-11.563
848494.71049, 3,   0.171,  0.038,  9.773, 4,   0.003,  0.002, -0.255, 5, -21.927, -1.542,-14.615
848494.72050, 3,   0.002, -0.130,  9.790, 4,   0.008,  0.008, -0.261, 5, -21.927, -1.542,-14.615
848494.73049, 3,   0.078, -0.298,  9.674, 4,  -0.005, -0.004, -0.277, 5, -24.381, -1.859,-15.964
848494.74055, 3,   0.245, -0.260,  9.780, 4,  -0.004,  0.008, -0.289, 5, -24.381, -1.859,-15.964
848494.75051, 3,  -0.012, -0.284,  9.722, 4,  -0.006,  0.007, -0.266, 5, -26.649, -2.749,-18.264
848494.76054, 3,   0.051, -0.123,  9.731, 4,  -0.007,  0.008, -0.203, 5, -26.649, -2.749,-18.264
848494.77050, 3,  -0.065, -0.005,  9.734, 4,   0.001,  0.011, -0.144, 5, -29.499, -3.585,-16.796
848494.78050, 3,  -0.068,  0.026,  9.789, 4,   0.003,  0.017, -0.126, 5, -29.499, -3.585,-16.796
848494.79049, 3,   0.211,  0.198,  9.725, 4,   0.016,  0.032, -0.136, 5, -33.116, -4.851,-19.487
848494.80055, 3,   0.517,  0.157,  9.669, 4,   0.009,  0.029, -0.183, 5, -33.116, -4.851,-19.487
848494.81054, 3,   0.268, -0.080,  9.884, 4,   0.004, -0.253, -0.189, 5, -36.339, -5.911,-18.082
848494.82049, 3,   0.815,  0.536,  9.670, 4,   0.001, -0.292, -0.073, 5, -36.339, -5.911,-18.082
848494.83054, 3,   0.621,  0.523,  9.710, 4,  -0.001, -0.121, -0.156, 5, -40.634, -6.810,-17.469
848494.84050, 3,   0.205,  0.168,  9.780, 4,   0.001, -0.037, -0.294, 5, -40.634, -6.810,-17.469
848494.85050, 3,  -0.129,  0.108,  9.760, 4,  -0.013, -0.047, -0.378, 5, -44.445, -8.037,-16.179
848494.86054, 3,   0.067, -0.111,  9.839, 4,  -0.004, -0.038, -0.403, 5, -44.445, -8.037,-16.179
848494.87048, 3,  -0.138, -0.336,  9.850, 4,  -0.009, -0.030, -0.400, 5, -47.279, -9.832,-12.124
848494.88054, 3,  -0.080, -0.280,  9.924, 4,   0.002, -0.014, -0.354, 5, -47.279, -9.832,-12.124
848494.89049, 3,  -0.150, -0.225,  9.738, 4,   0.001, -0.015, -0.340, 5, -48.405, -9.972, -9.164
848494.90050, 3,  -0.268,  0.107,  9.639, 4,   0.001, -0.019, -0.328, 5, -48.405, -9.972, -9.164
848494.91049, 3,   0.005, -0.031,  9.729, 4,  -0.000, -0.017, -0.362, 5, -50.236,-10.364, -8.595
848494.92054, 3,  -0.145, -0.032, 10.051, 4,  -0.006, -0.036, -0.316, 5, -50.236,-10.364, -8.595
848494.93054, 3,   0.010,  0.136,  9.724, 4,   0.020,  0.059, -0.300, 5, -52.693,-10.989, -5.274
848494.94126, 3,   0.107,  0.163,  9.568, 4,   0.022,  0.046, -0.288, 5, -52.693,-10.989, -5.274
848494.95056, 3,  -0.297,  0.492,  9.646, 4,   0.015,  0.025, -0.328, 5, -53.734,-11.101, -2.842
848494.96050, 3,  -0.129,  0.129,  9.656, 4,   0.002,  0.021, -0.486, 5, -53.734,-11.101, -2.842
848494.97049, 3,   1.071, -0.739,  9.799, 4,   0.006,  0.015, -0.585, 5, -54.143,-11.955, -2.518
848494.98049, 3,   0.789, -0.060,  9.619, 4,   0.027,  0.068, -0.371, 5, -54.143,-11.955, -2.518
848494.99048, 3,   0.617,  0.333,  9.670, 4,   0.029,  0.052, -0.235, 5, -53.773,-12.043, -0.057
848495.00050, 3,   0.385,  0.555,  9.658, 4,   0.038,  0.046, -0.119, 5, -53.773,-12.043, -0.057
848495.01048, 3,   0.327,  0.702,  9.676, 4,  -0.000,  0.032, -0.073, 5, -55.943,-11.386,  5.178
848495.02050, 3,   0.506,  0.686,  9.635, 4,   0.013, -0.030, -0.101, 5, -55.943,-11.386,  5.178
848495.03048, 3,   0.757,  0.652,  9.705, 4,   0.003, -0.019, -0.157, 5, -56.928,-11.956,  7.361
848495.04054, 3,   0.733,  0.447,  9.743, 4,  -0.007, -0.044, -0.205, 5, -56.928,-11.956,  7.361
848495.05055, 3,   0.618,  0.539,  9.919, 4,   0.016, -0.028, -0.269, 5, -57.315,-10.379,  9.233
848495.06050, 3,   0.409,  0.437,  9.618, 4,  -0.033,  0.052, -0.357, 5, -57.315,-10.379,  9.233
848495.07049, 3,   0.087,  0.274,  9.661, 4,  -0.031,  0.068, -0.453, 5, -56.713,-10.502, 14.218
848495.08056, 3,  -0.213,  0.037,  9.498, 4,   0.005,  0.054, -0.510, 5, -56.713,-10.502, 14.218
848495.09052, 3,  -0.503, -0.160,  9.738, 4,  -0.010,  0.030, -0.500, 5, -56.557,-10.568, 16.115
848495.10052, 3,  -0.415,  0.054,  9.652, 4,  -0.032,  0.033, -0.456, 5, -56.557,-10.568, 16.115
848495.11052, 3,  -0.116, -0.017,  9.748, 4,  -0.011,  0.017, -0.440, 5, -55.849, -9.808, 18.941
848495.12049, 3,   0.011, -0.007,  9.774, 4,  -0.003, -0.006, -0.376, 5, -55.849, -9.808, 18.941
848495.13048, 3,   0.010, -0.017,  9.728, 4,  -0.022,  0.027, -0.255, 5, -56.574, -8.606, 23.325
848495.14047, 3,  -0.045,  0.193,  9.742, 4,  -0.028, -0.011, -0.200, 5, -56.574, -8.606, 23.325
848495.15049, 3,   0.157,  0.342,  9.761, 4,  -0.021, -0.022, -0.210, 5, -52.819, -6.361, 27.118
848495.16053, 3,   0.373,  0.370,  9.711, 4,   0.019,  0.032, -0.227, 5, -52.819, -6.361, 27.118
848495.17054, 3,   0.511,  0.567,  9.785, 4,  -0.019, -0.014, -0.275, 5, -50.991, -5.111, 30.285
848495.18053, 3,   0.607,  0.740,  9.742, 4,  -0.010, -0.012, -0.294, 5, -50.991, -5.111, 30.285
848495.19053, 3,   0.733,  0.843,  9.729, 4,   0.000, -0.004, -0.332, 5, -48.036, -3.367, 33.787
848495.20054, 3,   0.775,  0.781,  9.658, 4,  -0.002, -0.028, -0.348, 5, -48.036, -3.367, 33.787
848495.21055, 3,   0.638,  0.711,  9.740, 4,  -0.006,  0.002, -0.348, 5, -45.015, -0.075, 35.727
848495.22054, 3,   0.218,  0.426,  9.777, 4,   0.001,  0.019, -0.363, 5, -45.015, -0.075, 35.727
848495.23054, 3,   0.126,  0.383,  9.810, 4,  -0.014, -0.000, -0.389, 5, -40.187,  2.001, 33.311
848495.24054, 3,   0.126,  0.563,  9.456, 4,  -0.015, -0.007, -0.340, 5, -40.187,  2.001, 33.311
848495.25056, 3,   0.044,  0.457,  9.825, 4,   0.006,  0.008, -0.331, 5, -36.807,  3.872, 32.442
848495.26054, 3,   0.379,  0.634,  9.704, 4,  -0.008,  0.010, -0.315, 5, -36.807,  3.872, 32.442
848495.27054, 3,   0.804,  0.883,  9.698, 4,  -0.011,  0.004, -0.281, 5, -34.773,  4.936, 29.992
848495.28053, 3,   0.879,  0.771,  9.687, 4,  -0.010, -0.001, -0.304, 5, -34.773,  4.936, 29.992
848495.29053, 3,   0.751,  0.801,  9.736, 4,  -0.000,  0.019, -0.344, 5, -33.613,  5.478, 28.472
848495.30054, 3,   0.426,  0.594,  9.714, 4,   0.003, -0.018, -0.376, 5, -33.613,  5.478, 28.472
848495.31053, 3,  -0.008,  0.310,  9.770, 4,   0.010,  0.010, -0.418, 5, -32.879,  6.282, 22.897
848495.32054, 3,  -0.341,  0.214,  9.738, 4,  -0.003,  0.000, -0.408, 5, -32.879,  6.282, 22.897
848495.33048, 3,  -0.499,  0.133,  9.746, 4,   0.016,  0.007, -0.363, 5, -34.524,  5.315, 21.028
848495.34055, 3,  -0.344,  0.189,  9.787, 4,   0.008,  0.023, -0.328, 5, -34.524,  5.315, 21.028
848495.35056, 3,  -0.201,  0.109,  9.786, 4,   0.034,  0.027, -0.312, 5, -35.325,  5.171, 19.491
848495.36054, 3,  -0.136, -0.182,  9.786, 4,   0.030,  0.048, -0.296, 5, -35.325,  5.171, 19.491
848495.37053, 3,  -0.353, -0.539,  9.670, 4,  -0.039, -0.016, -0.210, 5, -35.900,  4.833, 19.498
848495.38049, 3,  -0.442, -0.196,  9.688, 4,   0.028,  0.040, -0.089, 5, -35.900,  4.833, 19.498
848495.39053, 3,  -0.420,  0.116,  9.728, 4,  -0.000, -0.001,  0.009, 5, -36.219,  5.795, 20.748
848495.40049, 3,  -0.196,  0.182,  9.758, 4,  -0.014, -0.023,  0.038, 5, -36.219,  5.795, 20.748
848495.41054, 3,  -0.160,  0.248,  9.713, 4,   0.004, -0.005, -0.025, 5, -37.056,  5.131, 20.151
848495.42049, 3,  -0.194,  0.316,  9.692, 4,  -0.005, -0.004, -0.108, 5, -37.056,  5.131, 20.151
848495.43054, 3,  -0.323,  0.405,  9.750, 4,   0.011, -0.002, -0.180, 5, -38.482,  5.262, 21.077
848495.44055, 3,  -0.530,  0.245,  9.780, 4,  -0.006,  0.005, -0.243, 5, -38.482,  5.262, 21.077
848495.45050, 3,  -0.694,  0.059,  9.661, 4,  -0.008, -0.009, -0.266, 5, -40.157,  5.894, 21.702
848495.46048, 3,  -1.024, -0.273,  9.734, 4,   0.006,  0.009, -0.224, 5, -40.157,  5.894, 21.702
848495.47052, 3,  -1.471, -0.462,  9.772, 4,   0.014,  0.008, -0.067, 5, -39.376,  5.863, 22.967
848495.48050, 3,  -1.410,  0.220,  9.759, 4,   0.012,  0.006,  0.271, 5, -39.376,  5.863, 22.967
848495.49047, 3,  -0.989,  0.692,  9.741, 4,   0.015, -0.006,  0.379, 5, -41.016,  6.839, 22.971
848495.50052, 3,  -0.462,  0.818,  9.748, 4,   0.027, -0.001,  0.310, 5, -41.016,  6.839, 22.971
848495.51054, 3,  -0.103,  0.576,  9.758, 4,   0.005, -0.007,  0.100, 5, -41.232,  7.682, 21.469
848495.52054, 3,   0.226,  0.232,  9.720, 4,   0.004, -0.011, -0.128, 5, -41.232,  7.682, 21.469
848495.53053, 3,   0.135, -0.093,  9.732, 4,   0.012,  0.007, -0.280, 5, -41.246,  9.429, 23.016
848495.54054, 3,  -0.285, -0.323,  9.875, 4,  -0.000, -0.012, -0.299, 5, -41.246,  9.429, 23.016
848495.55050, 3,  -0.752, -0.194,  9.802, 4,   0.014,  0.011, -0.200, 5, -41.799,  9.095, 23.044
848495.56051, 3,  -1.099,  0.140,  9.786, 4,   0.000, -0.006, -0.042, 5, -41.799,  9.095, 23.044
848495.57049, 3,  -1.073,  0.468,  9.735, 4,   0.009, -0.007,  0.103, 5, -41.541, 10.502, 24.578
848495.58054, 3,  -0.898,  0.524,  9.791, 4,  -0.009, -0.007,  0.192, 5, -41.541, 10.502, 24.578
848495.59053, 3,  -0.772,  0.238,  9.753, 4,  -0.003, -0.009,  0.202, 5, -42.540, 11.006, 22.502
848495.60055, 3,  -0.675,  0.141,  9.664, 4,   0.013,  0.006,  0.195, 5, -42.540, 11.006, 22.502
848495.61053, 3,  -0.832,  0.127,  9.880, 4,   0.004, -0.005,  0.192, 5, -39.549, 13.727, 22.857
848495.62054, 3,  -1.022,  0.151,  9.652, 4,   0.011,  0.001,  0.213, 5, -39.549, 13.727, 22.857
848495.63048, 3,  -1.209,  0.207,  9.778, 4,   0.023,  0.009,  0.294, 5, -38.987, 13.403, 22.296
848495.64049, 3,  -1.001,  0.408,  9.753, 4,   0.009,  0.000,  0.411, 5, -38.987, 13.403, 22.296
848495.65054, 3,  -0.547,  0.415,  9.705, 4,   0.006, -0.004,  0.531, 5, -37.052, 13.582, 20.292
848495.66049, 3,  -0.136,  0.431,  9.753, 4,   0.000, -0.016,  0.613, 5, -37.052, 13.582, 20.292
848495.67049, 3,   0.030,  0.200,  9.768, 4,   0.000, -0.010,  0.682, 5, -36.272, 13.876, 20.929
848495.68054, 3,  -0.067, -0.120,  9.706, 4,   0.015, -0.003,  0.776, 5, -36.272, 13.876, 20.929
848495.69053, 3,  -0.423, -0.309,  9.720, 4,   0.004, -0.018,  0.897, 5, -34.468, 13.847, 21.567
848495.70055, 3,  -0.843, -0.206,  9.731, 4,   0.014, -0.017,  1.068, 5, -34.468, 13.847, 21.567
848495.71053, 3,  -0.929,  0.085,  9.735, 4,   0.003, -0.024,  1.300, 5, -34.402, 14.016, 19.606
848495.72050, 3,  -0.637,  0.123,  9.746, 4,   0.007, -0.029,  1.533, 5, -34.402, 14.016, 19.606
848495.73054, 3,  -0.449, -0.078,  9.755, 4,   0.001, -0.044,  1.698, 5, -32.641, 14.143, 19.400
848495.74054, 3,  -0.481, -0.411,  9.755, 4,   0.023, -0.037,  1.779, 5, -32.641, 14.143, 19.400
848495.75054, 3,  -0.509, -0.643,  9.724, 4,  -0.007, -0.045,  1.741, 5, -32.137, 14.412, 19.434
848495.76053, 3,  -0.669, -0.608,  9.738, 4,   0.003, -0.036,  1.654, 5, -32.137, 14.412, 19.434
848495.77053, 3,  -0.820, -0.129,  9.805, 4,   0.010, -0.029,  1.538, 5, -31.634, 15.001, 18.930
848495.78054, 3,  -0.863,  0.445,  9.722, 4,   0.011, -0.020,  1.428, 5, -31.634, 15.001, 18.930
848495.79048, 3,  -0.681,  0.911,  9.790, 4,   0.016, -0.029,  1.314, 5, -31.219, 14.365, 18.974
848495.80054, 3,  -0.617,  0.868,  9.737, 4,   0.005, -0.011,  1.202, 5, -31.219, 14.365, 18.974
848495.81053, 3,  -0.678,  0.940,  9.743, 4,  -0.002, -0.026,  1.076, 5, -30.354, 15.134, 18.983
848495.82054, 3,  -0.693,  0.821,  9.752, 4,   0.013, -0.017,  0.983, 5, -30.354, 15.134, 18.983
848495.83054, 3,  -0.615,  0.692,  9.762, 4,   0.019, -0.001,  0.928, 5, -30.546, 14.921, 17.401
848495.84054, 3,  -0.421,  0.697,  9.683, 4,   0.014,  0.019,  0.877, 5, -30.546, 14.921, 17.401
848495.85050, 3,  -0.476,  0.526,  9.656, 4,   0.026,  0.043,  0.855, 5, -30.365, 14.939, 17.822
848495.86049, 3,  -0.893,  0.215,  9.705, 4,  -0.003, -0.037,  0.788, 5, -30.365, 14.939, 17.822
848495.87053, 3,  -1.561, -0.002,  9.738, 4,   0.006, -0.020,  0.652, 5, -29.404, 15.174, 16.998
848495.88053, 3,  -1.644, -0.115,  9.813, 4,  -0.001, -0.013,  0.468, 5, -29.404, 15.174, 16.998
848495.89053, 3,  -1.811, -0.087,  9.682, 4,  -0.005, -0.015,  0.307, 5, -29.763, 15.272, 15.882
848495.90053, 3,  -1.889, -0.063,  9.795, 4,  -0.005, -0.011,  0.223, 5, -29.763, 15.272, 15.882
848495.91052, 3,  -1.669,  0.034,  9.784, 4,   0.014,  0.024,  0.230, 5, -28.780, 15.789, 17.052
848495.92054, 3,  -1.290,  0.199,  9.675, 4,   0.019,  0.022,  0.311, 5, -28.780, 15.789, 17.052
848495.93052, 3,  -0.990,  0.281,  9.697, 4,   0.013,  0.019,  0.430, 5, -29.345, 15.362, 15.944
848495.94050, 3,  -0.837,  0.249,  9.643, 4,   0.014,  0.008,  0.528, 5, -29.345, 15.362, 15.944
848495.95054, 3,  -0.650,  0.133,  9.776, 4,   0.012, -0.018,  0.601, 5, -28.070, 15.617, 15.634
848495.96049, 3,  -0.617, -0.212,  9.737, 4,   0.001, -0.018,  0.662, 5, -28.070, 15.617, 15.634
848495.97053, 3,  -0.816, -0.333,  9.847, 4,   0.008, -0.011,  0.759, 5, -28.470, 15.411, 16.095
848495.98049, 3,  -1.051, -0.352,  9.849, 4,   0.005, -0.011,  0.900, 5, -28.470, 15.411, 16.095
848495.99054, 3,  -1.085, -0.132,  9.641, 4,  -0.013, -0.047,  1.028, 5, -27.327, 16.121, 13.395
848496.00055, 3,  -0.880,  0.289,  9.748, 4,   0.016, -0.002,  1.118, 5, -27.327, 16.121, 13.395
848496.01054, 3,  -0.515,  0.512,  9.792, 4,  -0.005, -0.072,  1.162, 5, -27.509, 16.309, 14.649
848496.02055, 3,  -0.341,  0.652,  9.631, 4,  -0.006, -0.062,  1.148, 5, -27.509, 16.309, 14.649
848496.03054, 3,  -0.334,  0.791,  9.662, 4,  -0.008, -0.046,  1.065, 5, -26.504, 16.654, 15.149
848496.04054, 3,  -0.341,  0.628,  9.764, 4,  -0.016, -0.061,  0.960, 5, -26.504, 16.654, 15.149
848496.05050, 3,  -0.454,  0.449,  9.705, 4,  -0.001, -0.045,  0.840, 5, -25.940, 16.735, 14.582
848496.06050, 3,  -0.638,  0.239,  9.835, 4,   0.008, -0.012,  0.734, 5, -25.940, 16.735, 14.582
848496.07049, 3,  -0.833,  0.061,  9.728, 4,  -0.008, -0.015,  0.642, 5, -26.308, 17.373, 13.496
848496.08049, 3,  -1.003,  0.056,  9.772, 4,   0.010, -0.007,  0.582, 5, -26.308, 17.373, 13.496
848496.09055, 3,  -1.064,  0.224,  9.807, 4,  -0.000, -0.007,  0.557, 5, -25.797, 17.274, 13.199
848496.10052, 3,  -1.027,  0.309,  9.641, 4,   0.001, -0.011,  0.591, 5, -25.797, 17.274, 13.199
848496.11048, 3,  -0.973,  0.302,  9.726, 4,   0.005, -0.004,  0.685, 5, -24.835, 17.431, 13.962
848496.12050, 3,  -0.954,  0.306,  9.735, 4,   0.009, -0.014,  0.787, 5, -24.835, 17.431, 13.962
848496.13048, 3,  -0.871,  0.344,  9.713, 4,   0.006, -0.006,  0.814, 5, -25.273, 17.985, 14.459
848496.14048, 3,  -0.806,  0.255,  9.768, 4,   0.009, -0.019,  0.791, 5, -25.273, 17.985, 14.459
848496.15051, 3,  -0.742,  0.229,  9.674, 4,   0.033, -0.005,  0.748, 5, -25.034, 17.614, 13.724
848496.16054, 3,  -0.770, -0.084,  9.811, 4,   0.000, -0.019,  0.739, 5, -25.034, 17.614, 13.724
848496.17053, 3,  -0.813, -0.029,  9.782, 4,   0.009,  0.002,  0.782, 5, -24.376, 18.039, 12.528
848496.18054, 3,  -0.945,  0.158,  9.744, 4,   0.011,  0.001,  0.861, 5, -24.376, 18.039, 12.528
848496.19053, 3,  -1.138,  0.212,  9.700, 4,   0.009, -0.006,  0.928, 5, -23.664, 18.441, 14.009
848496.20055, 3,  -1.217, -0.061,  9.718, 4,   0.018,  0.011,  0.987, 5, -23.664, 18.441, 14.009
848496.21054, 3,  -1.188, -0.043,  9.687, 4,  -0.000, -0.014,  1.095, 5, -23.615, 19.147, 12.663
848496.22055, 3,  -1.025, -0.142,  9.759, 4,   0.011, -0.005,  1.142, 5, -23.615, 19.147, 12.663
848496.23053, 3,  -0.862, -0.170,  9.755, 4,   0.017, -0.007,  1.178, 5, -23.125, 19.164, 13.745
848496.24054, 3,  -0.743, -0.226,  9.731, 4,   0.020, -0.015,  1.196, 5, -23.125, 19.164, 13.745
848496.25049, 3,  -0.668, -0.346,  9.786, 4,   0.005, -0.025,  1.222, 5, -22.590, 20.024, 12.254
848496.26055, 3,  -0.751, -0.650,  9.735, 4,   0.008,  0.007,  1.228, 5, -22.590, 20.024, 12.254
848496.27053, 3,  -1.034, -0.869,  9.797, 4,   0.027,  0.042,  1.237, 5, -22.458, 20.030, 11.783
848496.28053, 3,  -1.213, -1.219,  9.724, 4,   0.017,  0.047,  1.286, 5, -22.458, 20.030, 11.783
848496.29053, 3,  -1.129, -0.927,  9.693, 4,   0.023,  0.053,  1.390, 5, -22.356, 20.086, 13.894
848496.30049, 3,  -1.046, -0.552,  9.804, 4,   0.021,  0.031,  1.557, 5, -22.356, 20.086, 13.894
848496.31053, 3,  -1.205, -0.322,  9.613, 4,   0.025,  0.044,  1.777, 5, -20.838, 21.177, 12.449
848496.32050, 3,  -1.468, -0.413,  9.663, 4,  -0.002, -0.017,  1.997, 5, -20.838, 21.177, 12.449
848496.33053, 3,  -1.486, -0.292,  9.523, 4,  -0.013, -0.056,  2.211, 5, -19.966, 21.825, 12.321
848496.34054, 3,  -1.240, -0.382,  9.805, 4,  -0.013, -0.070,  2.393, 5, -19.966, 21.825, 12.321
848496.35050, 3,  -0.967, -0.579,  9.546, 4,   0.025, -0.019,  2.565, 5, -19.548, 21.868, 12.378
848496.36055, 3,  -0.968, -0.759,  9.820, 4,  -0.026, -0.132,  2.724, 5, -19.548, 21.868, 12.378
848496.37054, 3,  -0.986, -0.854,  9.966, 4,  -0.010, -0.115,  2.856, 5, -17.392, 23.538, 13.554
848496.38055, 3,  -1.167, -0.792,  9.774, 4,   0.013, -0.091,  2.947, 5, -17.392, 23.538, 13.554
848496.39048, 3,  -1.308, -0.789,  9.742, 4,   0.023, -0.068,  3.055, 5, -15.554, 24.338, 11.007
848496.40053, 3,  -1.322, -0.753,  9.728, 4,   0.023, -0.050,  3.157, 5, -15.554, 24.338, 11.007
848496.41054, 3,  -1.239, -0.843,  9.720, 4,   0.021, -0.050,  3.251, 5, -12.587, 25.773, 12.730
848496.42050, 3,  -1.173, -0.814,  9.814, 4,   0.001, -0.058,  3.329, 5, -12.587, 25.773, 12.730
848496.43053, 3,  -1.112, -0.786,  9.674, 4,   0.035, -0.039,  3.348, 5, -11.484, 26.326, 10.928
848496.44054, 3,  -1.075, -0.940,  9.691, 4,  -0.020, -0.043,  3.348, 5, -11.484, 26.326, 10.928
848496.45050, 3,  -1.075, -1.008,  9.629, 4,   0.038, -0.029,  3.330, 5,  -8.590, 27.350, 11.092
848496.46055, 3,  -1.322, -0.840,  9.875, 4,  -0.021, -0.049,  3.300, 5,  -8.590, 27.350, 11.092
848496.47053, 3,  -1.362, -0.472,  9.803, 4,  -0.011, -0.027,  3.217, 5,  -6.399, 27.947, 11.575
848496.48054, 3,  -0.949, -0.123,  9.480, 4,   0.040, -0.027,  3.020, 5,  -6.399, 27.947, 11.575
848496.49050, 3,  -0.472, -0.051,  9.596, 4,   0.015, -0.035,  2.801, 5,  -5.278, 27.843, 12.094
848496.50054, 3,  -0.317,  0.012,  9.500, 4,  -0.003, -0.061,  2.569, 5,  -5.278, 27.843, 12.094
848496.51049, 3,  -0.407,  0.080,  9.655, 4,   0.011, -0.082,  2.387, 5,  -2.309, 28.541, 10.118
848496.52050, 3,  -0.496, -0.010,  9.674, 4,  -0.020, -0.103,  2.246, 5,  -2.309, 28.541, 10.118
848496.53049, 3,  -0.548, -0.037, 10.019, 4,   0.003, -0.091,  2.131, 5,  -0.436, 28.236,  9.797
848496.54054, 3,  -0.534, -0.233,  9.723, 4,  -0.011, -0.048,  2.037, 5,  -0.436, 28.236,  9.797
848496.55050, 3,  -0.456, -0.231,  9.792, 4,  -0.020, -0.047,  1.969, 5,   0.612, 28.518, 10.042
848496.56050, 3,  -0.492, -0.256,  9.747, 4,  -0.002, -0.056,  1.936, 5,   0.612, 28.518, 10.042
848496.57050, 3,  -0.506, -0.363,  9.741, 4,   0.006, -0.043,  1.973, 5,   1.856, 28.436, 10.312
848496.58050, 3,  -0.394, -0.384,  9.602, 4,   0.010, -0.023,  2.015, 5,   1.856, 28.436, 10.312
848496.59049, 3,  -0.523, -0.304,  9.650, 4,  -0.015, -0.062,  2.065, 5,   2.775, 27.383, 11.755
848496.60050, 3,  -0.391, -0.186,  9.764, 4,  -0.004, -0.038,  2.108, 5,   2.775, 27.383, 11.755
848496.61049, 3,  -0.315, -0.230,  9.799, 4,   0.013, -0.037,  2.161, 5,   4.531, 27.132, 11.183
848496.62050, 3,  -0.365, -0.494,  9.669, 4,   0.019, -0.040,  2.191, 5,   4.531, 27.132, 11.183
848496.63049, 3,  -0.443, -0.563,  9.747, 4,   0.022, -0.042,  2.217, 5,   5.781, 27.530, 10.006
848496.64049, 3,  -0.451, -0.611,  9.680, 4,   0.006, -0.059,  2.263, 5,   5.781, 27.530, 10.006
848496.65050, 3,  -0.464, -0.699,  9.703, 4,  -0.001, -0.053,  2.321, 5,   7.185, 26.576, 11.772
848496.66050, 3,  -0.328, -0.571,  9.713, 4,   0.019, -0.058,  2.376, 5,   7.185, 26.576, 11.772
848496.67049, 3,  -0.116, -0.373,  9.658, 4,  -0.008, -0.055,  2.440, 5,   7.628, 26.181,  9.693
848496.68054, 3,  -0.156, -0.262,  9.637, 4,   0.003, -0.019,  2.476, 5,   7.628, 26.181,  9.693
848496.69049, 3,  -0.280, -0.141,  9.855, 4,   0.037, -0.018,  2.490, 5,   9.340, 25.589,  9.103
848496.70050, 3,  -0.617, -0.247,  9.758, 4,   0.041, -0.018,  2.506, 5,   9.340, 25.589,  9.103
848496.71049, 3,  -0.889, -0.291,  9.792, 4,   0.031, -0.058,  2.530, 5,  10.759, 24.638,  9.693
848496.72050, 3,  -0.824, -0.312,  9.750, 4,   0.037, -0.034,  2.591, 5,  10.759, 24.638,  9.693
848496.73049, 3,  -0.681, -0.239,  9.865, 4,  -0.001, -0.063,  2.663, 5,  10.807, 23.682, 10.287
848496.74049, 3,  -0.381,  1.089,  9.716, 4,   0.030, -0.020,  2.696, 5,  10.807, 23.682, 10.287
848496.75049, 3,  -0.826,  0.692,  9.754, 4,   0.005, -0.069,  2.595, 5,  10.609, 23.226,  9.980
848496.76055, 3,  -1.404,  0.164,  9.923, 4,   0.012, -0.059,  2.382, 5,  10.609, 23.226,  9.980
848496.77049, 3,  -1.678, -0.091,  9.704, 4,   0.015, -0.049,  2.256, 5,  11.748, 23.083,  9.684
848496.78049, 3,  -1.686, -0.169,  9.699, 4,   0.005, -0.041,  2.195, 5,  11.748, 23.083,  9.684
848496.79048, 3,  -1.450, -0.008,  9.710, 4,  -0.005, -0.053,  2.147, 5,  11.193, 23.036, 12.055
848496.80054, 3,  -1.142,  0.348,  9.649, 4,   0.030, -0.035,  2.048, 5,  11.193, 23.036, 12.055
848496.81049, 3,  -0.796,  0.318,  9.935, 4,   0.010, -0.036,  1.899, 5,  10.779, 23.413,  9.679
848496.82049, 3,  -0.482, -0.134,  9.773, 4,  -0.024, -0.026,  1.709, 5,  10.779, 23.413,  9.679
848496.83049, 3,  -0.385, -0.916,  9.876, 4,   0.050,  0.107,  1.476, 5,  10.308, 23.773,  8.487
848496.84072, 3,  -0.609, -0.839,  9.912, 4,  -0.007, -0.239,  1.235, 5,  10.308, 23.773,  8.487
848496.85050, 3,  -0.800, -1.238,  9.635, 4,   0.012, -0.100,  1.007, 5,   9.536, 24.716,  9.081
848496.86053, 3,  -0.707, -1.332,  9.863, 4,   0.028, -0.028,  0.943, 5,   9.536, 24.716,  9.081
848496.87053, 3,  -0.293, -0.967,  9.512, 4,   0.014, -0.026,  0.968, 5,   9.775, 25.643, 10.260
848496.88049, 3,  -0.135, -0.996,  9.816, 4,   0.014, -0.020,  1.051, 5,   9.775, 25.643, 10.260
848496.89049, 3,  -0.098, -0.916,  9.571, 4,   0.036, -0.000,  1.164, 5,   9.646, 26.819,  6.486
848496.90050, 3,  -0.004, -0.836,  9.713, 4,   0.017, -0.014,  1.310, 5,   9.646, 26.819,  6.486
848496.91049, 3,  -0.077, -0.804,  9.756, 4,   0.016, -0.026,  1.456, 5,  10.436, 27.749,  6.516
848496.92051, 3,  -0.396, -0.318,  9.802, 4,   0.038, -0.026,  1.618, 5,  10.436, 27.749,  6.516
848496.93049, 3,   0.024, -0.505, 10.047, 4,   0.022, -0.045,  1.699, 5,  11.247, 27.928,  5.137
848496.94358, 3,  -0.316, -0.170,  9.609, 4,   0.042,  0.016,  1.748, 5,  11.247, 27.928,  5.137
848496.96052, 3,  -1.300, -0.040,  9.537, 4,   0.035, -0.001,  1.750, 5,  10.790, 26.927,  3.252
848496.97049, 3,  -1.247,  0.333,  9.840, 4,   0.017, -0.078,  1.870, 5,  12.492, 24.613,  2.785
848496.98054, 3,  -1.027,  0.678,  9.930, 4,   0.012, -0.079,  1.866, 5,  12.492, 24.613,  2.785
848496.99053, 3,  -0.877,  0.688,  9.907, 4,   0.038, -0.023,  1.750, 5,  13.383, 23.043,  4.218
848497.00050, 3,  -0.815,  0.637,  9.845, 4,   0.026, -0.028,  1.603, 5,  13.383, 23.043,  4.218
848497.01049, 3,  -0.761,  0.339,  9.730, 4,   0.012, -0.037,  1.458, 5,  14.717, 23.881,  6.375
848497.02054, 3,  -0.905, -0.026,  9.899, 4,   0.027, -0.011,  1.319, 5,  14.717, 23.881,  6.375
848497.03049, 3,  -1.125, -0.255,  9.740, 4,   0.026,  0.011,  1.231, 5,  14.227, 24.994,  6.405
848497.04050, 3,  -1.203, -0.426,  9.817, 4,   0.053,  0.080,  1.223, 5,  14.227, 24.994,  6.405
848497.05049, 3,  -1.019, -0.241,  9.553, 4,   0.045,  0.044,  1.275, 5,  15.280, 26.683,  7.679
848497.06050, 3,  -0.716,  0.114,  9.665, 4,  -0.014, -0.070,  1.354, 5,  15.280, 26.683,  7.679
848497.07049, 3,  -0.534,  0.020,  9.856, 4,   0.026, -0.028,  1.407, 5,  17.132, 29.628,  6.935
848497.08050, 3,  -0.381, -0.093,  9.656, 4,   0.017, -0.024,  1.471, 5,  17.132, 29.628,  6.935
848497.09049, 3,  -0.165, -0.327,  9.776, 4,   0.003, -0.034,  1.556, 5,  18.144, 30.536,  5.730
848497.10049, 3,  -0.012, -0.509,  9.974, 4,   0.011, -0.042,  1.640, 5,  18.144, 30.536,  5.730
848497.11048, 3,  -0.315, -0.584,  9.706, 4,   0.046,  0.010,  1.624, 5,  21.228, 33.503,  2.123
848497.12048, 3,  -0.454, -0.442,  9.440, 4,   0.031,  0.018,  1.661, 5,  21.228, 33.503,  2.123
848497.13048, 3,  -0.504, -0.194,  9.767, 4,   0.031, -0.026,  1.731, 5,  23.676, 34.886, -1.907
848497.14049, 3,  -0.606, -0.207,  9.685, 4,   0.014, -0.044,  1.786, 5,  23.676, 34.886, -1.907
848497.15048, 3,  -0.682, -0.013,  9.612, 4,   0.008, -0.067,  1.810, 5,  25.449, 35.271, -7.058
848497.16050, 3,  -0.760,  0.124,  9.799, 4,   0.006, -0.082,  1.821, 5,  25.449, 35.271, -7.058
848497.17049, 3,  -0.863,  0.265,  9.675, 4,  -0.006, -0.089,  1.800, 5,  27.615, 35.696,-11.007
848497.18049, 3,  -0.869,  0.382,  9.906, 4,   0.022, -0.075,  1.753, 5,  27.615, 35.696,-11.007
848497.19049, 3,  -0.827,  0.164, 10.171, 4,   0.023, -0.055,  1.679, 5,  29.590, 35.047,-18.263
848497.20049, 3,  -1.097, -0.603,  9.793, 4,  -0.016, -0.024,  1.558, 5,  29.590, 35.047,-18.263
848497.21054, 3,  -1.007, -0.551,  9.669, 4,   0.032,  0.010,  1.452, 5,  29.907, 33.664,-26.291
848497.22049, 3,  -1.039, -0.323,  9.748, 4,   0.020, -0.000,  1.439, 5,  29.907, 33.664,-26.291
848497.23049, 3,  -0.827, -0.251,  9.764, 4,   0.009, -0.025,  1.468, 5,  29.531, 30.694,-33.481
848497.24051, 3,  -0.795, -0.363,  9.662, 4,   0.025,  0.000,  1.514, 5,  29.531, 30.694,-33.481
848497.25049, 3,  -0.855, -0.748,  9.744, 4,   0.018, -0.024,  1.572, 5,  27.598, 26.101,-39.117
848497.26049, 3,  -0.991, -0.956,  9.777, 4,   0.008, -0.017,  1.662, 5,  27.598, 26.101,-39.117
848497.27053, 3,  -0.772, -0.759,  9.768, 4,   0.009, -0.009,  1.781, 5,  22.582, 16.048,-47.539
848497.28049, 3,  -0.596, -0.631,  9.760, 4,   0.028,  0.011,  1.858, 5,  22.582, 16.048,-47.539
848497.29049, 3,  -0.441, -0.442,  9.598, 4,   0.055,  0.038,  1.950, 5,  18.708,  8.229,-50.049
848497.30050, 3,  -0.209, -0.294,  9.649, 4,   0.007, -0.048,  2.024, 5,  18.708,  8.229,-50.049
848497.31049, 3,  -0.047, -0.356,  9.688, 4,   0.006, -0.042,  2.044, 5,  13.983,  0.716,-53.113
848497.32049, 3,  -0.290, -0.408,  9.855, 4,   0.002, -0.044,  2.023, 5,  13.983,  0.716,-53.113
848497.33049, 3,  -0.712, -0.488,  9.798, 4,  -0.015, -0.070,  2.022, 5,   7.414, -6.403,-52.086
848497.34054, 3,  -0.766, -0.372,  9.572, 4,   0.018, -0.006,  1.994, 5,   7.414, -6.403,-52.086
848497.35049, 3,  -0.669, -0.199,  9.792, 4,   0.013, -0.019,  2.074, 5,   1.931,-12.912,-50.378
848497.36050, 3,  -0.606, -0.101,  9.670, 4,   0.005, -0.068,  2.161, 5,   1.931,-12.912,-50.378
848497.37049, 3,  -0.796, -0.546,  9.896, 4,   0.005, -0.061,  2.214, 5,  -3.922,-17.810,-45.505
848497.38050, 3,  -0.162,  0.439,  9.430, 4,   0.010, -0.026,  2.263, 5,  -3.922,-17.810,-45.505
848497.39049, 3,   0.093,  0.705,  9.773, 4,   0.006, -0.037,  2.309, 5,  -8.386,-21.365,-39.963
848497.40050, 3,  -0.201,  0.528,  9.697, 4,  -0.016, -0.103,  2.245, 5,  -8.386,-21.365,-39.963
848497.41049, 3,  -0.578,  0.296,  9.748, 4,   0.028, -0.051,  2.139, 5, -12.989,-23.209,-29.057
848497.42049, 3,  -0.796,  0.142,  9.809, 4,   0.012, -0.043,  2.069, 5, -12.989,-23.209,-29.057
848497.43050, 3,  -0.839,  0.383,  9.767, 4,  -0.005, -0.056,  2.050, 5, -15.970,-23.540,-24.390
848497.44051, 3,  -0.778,  0.263,  9.731, 4,   0.020, -0.017,  1.993, 5, -15.970,-23.540,-24.390
848497.45049, 3,  -0.848,  0.472,  9.637, 4,  -0.002, -0.028,  1.875, 5, -16.359,-21.819,-20.952
848497.46050, 3,  -0.959,  0.540,  9.691, 4,   0.010, -0.024,  1.793, 5, -16.359,-21.819,-20.952
848497.47050, 3,  -1.027,  0.399,  9.719, 4,   0.008, -0.011,  1.726, 5, -16.476,-21.418,-17.512
848497.48050, 3,  -0.956,  0.455,  9.741, 4,   0.003, -0.031,  1.690, 5, -16.476,-21.418,-17.512
848497.49049, 3,  -0.846,  0.609,  9.744, 4,   0.001, -0.048,  1.652, 5, -16.274,-20.489,-15.008
848497.50050, 3,  -0.672,  0.916,  9.614, 4,  -0.002, -0.036,  1.596, 5, -16.274,-20.489,-15.008
848497.51049, 3,  -0.728,  0.770,  9.810, 4,   0.010, -0.040,  1.511, 5, -16.734,-17.979, -8.730
848497.52049, 3,  -1.055,  0.552,  9.704, 4,  -0.028, -0.046,  1.355, 5, -16.734,-17.979, -8.730
848497.53049, 3,  -1.263,  0.215,  9.671, 4,   0.004, -0.007,  1.219, 5, -16.785,-16.695, -6.846
848497.54051, 3,  -1.569, -0.607,  9.767, 4,   0.005, -0.001,  1.116, 5, -16.785,-16.695, -6.846
848497.55049, 3,  -1.454, -0.533,  9.776, 4,   0.002,  0.004,  0.580, 5, -15.386,-15.875, -6.519
848497.56054, 3,  -0.912, -0.400,  9.671, 4,   0.011,  0.007,  0.451, 5, -15.386,-15.875, -6.519
848497.57054, 3,  -1.099, -0.789,  9.687, 4,  -0.002, -0.004,  0.352, 5, -14.512,-14.517, -7.145
848497.58053, 3,  -1.124, -0.918,  9.699, 4,   0.007, -0.033,  0.311, 5, -14.512,-14.517, -7.145
848497.59053, 3,  -0.954, -1.044,  9.661, 4,   0.020,  0.010,  0.401, 5, -12.922,-14.755, -4.307
848497.60050, 3,  -0.729, -0.455,  9.832, 4,   0.007, -0.018,  0.465, 5, -12.922,-14.755, -4.307
848497.61048, 3,  -0.418,  0.090,  9.797, 4,  -0.012, -0.022,  0.512, 5, -12.949,-14.447, -3.685
848497.62048, 3,  -0.160,  0.551,  9.747, 4,   0.019,  0.011,  0.616, 5, -12.949,-14.447, -3.685
848497.63052, 3,  -0.110,  0.836,  9.820, 4,   0.009,  0.005,  0.685, 5, -10.691,-12.440, -3.042
848497.64051, 3,   0.029,  0.874,  9.814, 4,   0.015,  0.004,  0.719, 5, -10.691,-12.440, -3.042
848497.65049, 3,  -0.408,  0.257,  9.724, 4,   0.022,  0.025,  0.717, 5,  -9.574,-12.776, -3.038
848497.66050, 3,  -0.577,  0.024,  9.746, 4,   0.006, -0.006,  0.712, 5,  -9.574,-12.776, -3.038
848497.67049, 3,  -0.576, -0.066,  9.701, 4,   0.004, -0.022,  0.689, 5,  -8.487,-11.811, -1.774
848497.68050, 3,  -0.473,  0.037,  9.663, 4,   0.010, -0.031,  0.629, 5,  -8.487,-11.811, -1.774
848497.69049, 3,  -0.263, -0.187,  9.856, 4,  -0.000, -0.011,  0.525, 5,  -7.092,-11.639, -1.465
848497.70050, 3,  -0.284, -0.157,  9.801, 4,  -0.031,  0.032,  0.452, 5,  -7.092,-11.639, -1.465
848497.71049, 3,  -0.221, -0.172,  9.681, 4,   0.042, -0.006,  0.453, 5,  -5.431,-11.162, -0.511
848497.72049, 3,   0.008,  0.028,  9.765, 4,   0.047,  0.033,  0.534, 5,  -5.431,-11.162, -0.511
848497.73049, 3,   0.359, -0.026,  9.725, 4,  -0.050, -0.029,  0.613, 5,  -4.842,-11.321, -1.463
848497.74055, 3,   0.265, -0.116,  9.716, 4,  -0.018, -0.069,  0.632, 5,  -4.842,-11.321, -1.463
848497.75049, 3,   0.085, -0.514,  9.808, 4,   0.004, -0.018,  0.654, 5,  -5.175,-12.688, -0.849
848497.76054, 3,  -0.030, -0.615,  9.846, 4,   0.021, -0.014,  0.735, 5,  -5.175,-12.688, -0.849
848497.77049, 3,  -0.048, -0.621,  9.797, 4,   0.009,  0.013,  0.886, 5,  -1.838,-12.542,  0.108
848497.78050, 3,  -0.059, -0.651,  9.862, 4,   0.030,  0.020,  1.026, 5,  -1.838,-12.542,  0.108
848497.79049, 3,   0.014, -0.425,  9.729, 4,   0.014, -0.012,  1.122, 5,  -1.257,-12.357, -0.845
848497.80054, 3,  -0.199, -0.478,  9.912, 4,   0.012, -0.009,  1.171, 5,  -1.257,-12.357, -0.845
848497.81049, 3,  -0.280, -0.541,  9.491, 4,   0.008, -0.020,  1.296, 5,   0.060,-12.253,  1.342
848497.82054, 3,  -0.442, -0.844,  9.653, 4,   0.003, -0.020,  1.427, 5,   0.060,-12.253,  1.342
848497.83055, 3,  -0.360, -0.871,  9.505, 4,  -0.011, -0.049,  1.619, 5,   0.285,-12.793,  2.258
848497.84054, 3,  -0.160, -0.748,  9.680, 4,   0.006, -0.039,  1.803, 5,   0.285,-12.793,  2.258
848497.85054, 3,  -0.031, -0.888,  9.408, 4,   0.030, -0.054,  1.924, 5,   1.928,-12.804,  2.246
848497.86055, 3,  -0.036, -0.906,  9.716, 4,  -0.026, -0.127,  2.023, 5,   1.928,-12.804,  2.246
848497.87064, 3,   0.018, -0.997,  9.850, 4,  -0.020, -0.163,  2.099, 5,   2.177,-12.656,  1.923
848497.88054, 3,  -0.056, -1.015,  9.740, 4,  -0.032, -0.078,  2.108, 5,   2.177,-12.656,  1.923
848497.89054, 3,  -0.037, -1.031,  9.947, 4,   0.008, -0.040,  2.134, 5,   2.361,-12.715,  3.764
848497.90054, 3,   0.034, -1.159,  9.822, 4,  -0.015, -0.121,  2.211, 5,   2.361,-12.715,  3.764
848497.91054, 3,   0.029, -0.688,  9.699, 4,  -0.003, -0.015,  2.308, 5,   2.005,-12.755,  4.354
848497.92055, 3,  -0.130, -0.626,  9.626, 4,   0.006, -0.026,  2.454, 5,   2.005,-12.755,  4.354
848497.93054, 3,  -0.296, -0.666,  9.768, 4,   0.020, -0.048,  2.609, 5,   1.645,-12.147,  5.547
848497.94055, 3,  -0.299, -0.558,  9.692, 4,  -0.007, -0.047,  2.762, 5,   1.645,-12.147,  5.547
848497.95054, 3,  -0.235, -0.596,  9.681, 4,   0.015, -0.041,  2.894, 5,   1.839,-12.967,  5.211
848497.96049, 3,  -0.181, -0.733,  9.753, 4,   0.030, -0.059,  2.968, 5,   1.839,-12.967,  5.211
848497.97054, 3,  -0.045, -0.781,  9.603, 4,   0.003, -0.070,  2.969, 5,   1.737,-12.211,  6.080
848497.98055, 3,   0.144, -0.803,  9.737, 4,  -0.007, -0.105,  2.895, 5,   1.737,-12.211,  6.080
848497.99048, 3,   0.345, -0.830,  9.766, 4,  -0.036, -0.123,  2.747, 5,   1.716,-11.372,  3.939
848498.00050, 3,   0.250, -0.806,  9.710, 4,  -0.003, -0.094,  2.516, 5,   1.716,-11.372,  3.939
848498.01054, 3,   0.162, -0.850,  9.768, 4,   0.004, -0.069,  2.183, 5,   1.050,-11.914,  6.591
848498.02054, 3,   0.162, -1.009,  9.821, 4,  -0.003, -0.029,  2.011, 5,   1.050,-11.914,  6.591
848498.03054, 3,  -0.492, -1.225,  9.698, 4,   0.012, -0.038,  1.886, 5,   2.078,-10.967,  5.986
848498.04054, 3,  -2.105, -1.494,  9.732, 4,   0.002, -0.050,  1.941, 5,   2.078,-10.967,  5.986
848498.05055, 3,  -1.864, -1.180,  9.679, 4,   0.014, -0.062,  2.207, 5,   1.725,-11.309,  7.695
848498.06055, 3,  -1.225, -1.046,  9.658, 4,   0.015, -0.040,  2.517, 5,   1.725,-11.309,  7.695
848498.07048, 3,  -0.642, -0.770,  9.752, 4,   0.019, -0.048,  2.751, 5,   1.943,-10.995,  7.643
848498.08054, 3,  -0.474, -0.706,  9.549, 4,   0.005, -0.049,  2.839, 5,   1.943,-10.995,  7.643
848498.09049, 3,  -0.615, -0.746,  9.870, 4,   0.016, -0.034,  2.858, 5,   3.203,-10.805,  5.686
848498.10051, 3,  -0.652, -0.704,  9.869, 4,   0.004, -0.040,  2.902, 5,   3.203,-10.805,  5.686
848498.11047, 3,  -0.576, -0.845,  9.612, 4,   0.031, -0.002,  2.966, 5,   2.671,-11.100,  6.760
848498.12050, 3,  -0.090, -0.740,  9.973, 4,   0.034,  0.013,  2.952, 5,   2.671,-11.100,  6.760
848498.13051, 3,  -0.040, -0.668,  9.541, 4,   0.039, -0.007,  2.840, 5,   2.178,-10.953,  6.461
848498.14051, 3,  -0.092, -0.727,  9.504, 4,   0.022, -0.015,  2.696, 5,   2.178,-10.953,  6.461
848498.15050, 3,  -0.389, -0.722,  9.677, 4,   0.004, -0.066,  2.598, 5,   1.934,-11.783,  5.890
848498.16051, 3,  -0.524, -0.669,  9.816, 4,  -0.028, -0.126,  2.574, 5,   1.934,-11.783,  5.890
848498.17050, 3,  -0.680, -0.794,  9.969, 4,  -0.014, -0.064,  2.611, 5,   2.121,-12.054,  6.362
848498.18050, 3,  -1.179, -0.917,  9.742, 4,   0.019, -0.016,  2.668, 5,   2.121,-12.054,  6.362
848498.19047, 3,  -1.427, -1.008,  9.342, 4,   0.022, -0.010,  2.738, 5,   1.062,-11.393,  6.038
848498.20054, 3,  -1.204, -0.895,  9.986, 4,   0.014, -0.048,  2.938, 5,   1.062,-11.393,  6.038
848498.21054, 3,  -0.775, -0.741,  9.856, 4,  -0.006, -0.097,  3.202, 5,   0.902,-11.973,  5.298
848498.22054, 3,  -0.308, -0.572,  9.688, 4,   0.000, -0.057,  3.375, 5,   0.902,-11.973,  5.298
848498.23053, 3,   0.057, -0.498,  9.646, 4,  -0.001, -0.048,  3.448, 5,   0.912,-12.066,  5.461
848498.24055, 3,   0.186, -0.455,  9.767, 4,  -0.008, -0.068,  3.407, 5,   0.912,-12.066,  5.461
848498.25054, 3,   0.202, -0.508,  9.750, 4,   0.015, -0.051,  3.293, 5,   0.317,-12.121,  5.220
848498.26049, 3,   0.067, -0.588,  9.841, 4,   0.007, -0.053,  3.157, 5,   0.317,-12.121,  5.220
848498.27049, 3,  -0.034, -0.591,  9.872, 4,   0.009, -0.053,  3.052, 5,   0.613,-12.234,  5.448
848498.28050, 3,   0.369, -0.652, 10.827, 4,   0.013, -0.053,  2.958, 5,   0.613,-12.234,  5.448
848498.29048, 3,   0.067, -0.478,  7.713, 4,   0.203,  0.564,  2.831, 5,   0.579,-11.862,  3.998
848498.30050, 3,  -0.199, -0.431,  9.058, 4,  -0.017,  0.297,  2.659, 5,   0.579,-11.862,  3.998
848498.31049, 3,  -0.397, -0.619,  9.290, 4,  -0.002,  0.000,  2.606, 5,   0.559,-11.927,  4.242
848498.32055, 3,  -0.565, -0.803, 10.218, 4,   0.060, -0.219,  2.586, 5,   0.559,-11.927,  4.242
848498.33049, 3,  -0.503, -0.904,  7.618, 4,   0.028, -0.108,  2.585, 5,   0.869,-11.947,  4.497
848498.34055, 3,  -0.794, -1.062, 10.325, 4,   0.009, -0.017,  2.616, 5,   0.869,-11.947,  4.497
848498.35049, 3,  -0.939, -1.311, 10.730, 4,   0.029, -0.127,  2.695, 5,   1.300,-11.900,  4.900
848498.36049, 3,  -0.739, -1.227, 10.034, 4,   0.031, -0.111,  2.805, 5,   1.300,-11.900,  4.900
848498.37053, 3,  -0.455, -1.188,  9.232, 4,   0.051, -0.046,  2.949, 5,   1.200,-11.900,  5.000
848498.38055, 3,  -0.493, -1.122,  9.667, 4,   0.015, -0.055,  2.990, 5,   1.200,-11.900,  5.000
848498.39048, 3,  -0.382, -0.925,  9.838, 4,  -0.015, -0.125,  3.041, 5,   1.022,-11.910,  5.041
848498.40050, 3,  -0.045, -0.569, 10.108, 4,  -0.010, -0.136,  3.057, 5,   1.022,-11.910,  5.041
848498.41049, 3,   0.133, -0.612,  9.729, 4,   0.033, -0.002,  2.979, 5,   0.140,-11.950,  4.231
848498.42049, 3,   0.257, -0.630,  9.410, 4,   0.038,  0.019,  2.889, 5,   0.140,-11.950,  4.231
848498.43054, 3,   0.448, -0.474,  9.713, 4,  -0.001, -0.067,  2.792, 5,  -1.206,-11.861,  3.515
848498.44049, 3,   0.245, -0.664,  9.942, 4,  -0.010, -0.102,  2.627, 5,  -1.206,-11.861,  3.515
848498.45048, 3,   0.110, -0.735,  9.787, 4,   0.023, -0.038,  2.513, 5,  -2.578,-12.053,  3.224
848498.46055, 3,   0.364, -0.601,  9.766, 4,   0.014, -0.020,  2.494, 5,  -2.578,-12.053,  3.224
848498.47048, 3,   0.447, -0.680,  9.601, 4,   0.024, -0.008,  2.402, 5,  -4.297,-11.673,  1.162
848498.48049, 3,   0.444, -0.622,  9.748, 4,  -0.004, -0.056,  2.306, 5,  -4.297,-11.673,  1.162
848498.49048, 3,   0.232, -0.723,  9.807, 4,   0.003, -0.052,  2.195, 5,  -5.523,-11.741, -0.117
848498.50054, 3,  -0.059, -0.900,  9.782, 4,   0.010, -0.030,  2.136, 5,  -5.523,-11.741, -0.117
848498.51053, 3,  -0.336, -1.070,  9.839, 4,   0.009, -0.030,  2.152, 5,  -6.629,-11.680, -1.602
848498.52054, 3,  -0.487, -1.019,  9.631, 4,   0.007, -0.037,  2.211, 5,  -6.629,-11.680, -1.602
848498.53050, 3,  -0.469, -0.923,  9.790, 4,  -0.002, -0.059,  2.273, 5,  -7.589,-11.542, -2.847
848498.54056, 3,  -0.357, -0.889,  9.894, 4,   0.007, -0.040,  2.316, 5,  -7.589,-11.542, -2.847
848498.55053, 3,  -0.421, -0.946,  9.645, 4,   0.016, -0.007,  2.352, 5,  -8.694,-11.026, -3.294
848498.56054, 3,  -0.360, -0.464,  9.644, 4,   0.003, -0.034,  2.399, 5,  -8.694,-11.026, -3.294
848498.57053, 3,  -0.308, -0.413,  9.675, 4,   0.003, -0.046,  2.456, 5,  -9.235,-10.326, -3.358
848498.58054, 3,  -0.224, -0.417,  9.761, 4,  -0.002, -0.064,  2.513, 5,  -9.235,-10.326, -3.358
848498.59054, 3,  -0.162, -0.430,  9.822, 4,  -0.002, -0.061,  2.554, 5, -10.204,-10.527, -5.172
848498.60054, 3,  -0.183, -0.457,  9.809, 4,   0.006, -0.041,  2.583, 5, -10.204,-10.527, -5.172
848498.61055, 3,  -0.351, -0.482,  9.689, 4,   0.008, -0.040,  2.622, 5, -11.409,-10.625, -5.697
848498.62055, 3,  -0.634, -0.540,  9.756, 4,  -0.001, -0.051,  2.677, 5, -11.409,-10.625, -5.697
848498.63054, 3,  -0.968, -0.594,  9.782, 4,   0.017, -0.029,  2.775, 5, -13.061, -9.956, -9.233
848498.64050, 3,  -1.148, -0.687,  9.734, 4,   0.013, -0.030,  2.931, 5, -13.061, -9.956, -9.233
848498.65053, 3,  -1.159, -0.731,  9.704, 4,   0.008, -0.031,  3.117, 5, -14.553,-10.208, -9.535
848498.66054, 3,  -0.910, -0.796,  9.662, 4,   0.000, -0.055,  3.313, 5, -14.553,-10.208, -9.535
848498.67050, 3,  -0.530, -0.815,  9.749, 4,   0.002, -0.059,  3.467, 5, -14.694, -9.391,-12.286
848498.68077, 3,  -0.156, -0.765,  9.699, 4,   0.002, -0.075,  3.566, 5, -14.694, -9.391,-12.286
848498.69054, 3,   0.241, -0.560,  9.667, 4,  -0.010, -0.085,  3.610, 5, -17.949, -9.805,-13.410
848498.70049, 3,   0.327, -0.551,  9.849, 4,   0.002, -0.077,  3.581, 5, -17.949, -9.805,-13.410
848498.71048, 3,   0.292, -0.551,  9.703, 4,   0.008, -0.069,  3.545, 5, -19.452,-10.084,-13.640
848498.72055, 3,   0.347, -0.547,  9.683, 4,   0.007, -0.049,  3.500, 5, -19.452,-10.084,-13.640
848498.73055, 3,   0.388, -0.540,  9.858, 4,  -0.006, -0.080,  3.452, 5, -21.436, -9.909,-14.717
848498.74049, 3,   0.174, -0.761,  9.748, 4,   0.008, -0.046,  3.360, 5, -21.436, -9.909,-14.717
848498.75054, 3,   0.074, -0.856,  9.887, 4,   0.005, -0.047,  3.348, 5, -23.664, -9.694,-16.958
848498.76054, 3,  -0.032, -0.802,  9.793, 4,   0.022, -0.009,  3.359, 5, -23.664, -9.694,-16.958
848498.77053, 3,  -0.049, -0.790,  9.689, 4,   0.012, -0.010,  3.360, 5, -26.746, -9.211,-17.455
848498.78049, 3,   0.008, -0.802,  9.782, 4,   0.001, -0.034,  3.356, 5, -26.746, -9.211,-17.455
848498.79054, 3,   0.177, -0.613,  9.738, 4,   0.012, -0.039,  3.335, 5, -27.944, -8.211,-18.797
848498.80054, 3,   0.310, -0.576,  9.570, 4,   0.011, -0.023,  3.326, 5, -27.944, -8.211,-18.797
848498.81053, 3,   0.396, -0.509,  9.722, 4,  -0.016, -0.075,  3.293, 5, -31.314, -7.867,-19.563
848498.82054, 3,   0.482, -0.478,  9.700, 4,  -0.014, -0.074,  3.239, 5, -31.314, -7.867,-19.563
848498.83048, 3,   0.520, -0.418,  9.752, 4,  -0.007, -0.061,  3.159, 5, -32.518, -6.577,-19.690
848498.84060, 3,   0.461, -0.463,  9.790, 4,  -0.010, -0.070,  3.068, 5, -32.518, -6.577,-19.690
848498.85049, 3,   0.486, -0.399,  9.718, 4,  -0.019, -0.077,  2.977, 5, -34.554, -4.972,-18.605
848498.86054, 3,   0.594, -0.399,  9.805, 4,  -0.005, -0.070,  2.875, 5, -34.554, -4.972,-18.605
848498.87049, 3,   0.570, -0.473,  9.828, 4,  -0.011, -0.080,  2.767, 5, -36.225, -3.781,-20.805
848498.88054, 3,   0.630, -0.442,  9.820, 4,  -0.010, -0.069,  2.666, 5, -36.225, -3.781,-20.805
848498.89054, 3,   0.583, -0.441,  9.813, 4,  -0.004, -0.054,  2.555, 5, -37.992, -2.508,-19.682
848498.90054, 3,   0.560, -0.485,  9.764, 4,   0.008, -0.022,  2.446, 5, -37.992, -2.508,-19.682
848498.91054, 3,   0.522, -0.438,  9.732, 4,   0.019,  0.003,  2.340, 5, -38.627, -0.848,-19.748
848498.92055, 3,   0.542, -0.481,  9.693, 4,   0.008, -0.015,  2.240, 5, -38.627, -0.848,-19.748
848498.93054, 3,   0.545, -0.532,  9.778, 4,   0.001, -0.034,  2.137, 5, -39.787,  1.765,-19.198
848498.94055, 3,   0.565, -0.498,  9.845, 4,  -0.011, -0.056,  2.043, 5, -39.787,  1.765,-19.198
848498.95049, 3,   0.509, -0.456,  9.683, 4,   0.004, -0.026,  1.957, 5, -41.237,  2.590,-18.954
848498.96049, 3,   0.516, -0.408,  9.658, 4,   0.007, -0.006,  1.871, 5, -41.237,  2.590,-18.954
848498.97054, 3,   0.578, -0.268,  9.792, 4,   0.003, -0.010,  1.771, 5, -42.341,  3.808,-20.522
848498.98055, 3,   0.536, -0.195,  9.670, 4,  -0.005, -0.025,  1.668, 5, -42.341,  3.808,-20.522
848498.99053, 3,   0.351, -0.171,  9.530, 4,  -0.003, -0.017,  1.575, 5, -42.446,  4.609,-19.028
848499.00054, 3,   0.136, -0.146,  9.859, 4,  -0.027,  0.000,  1.492, 5, -42.446,  4.609,-19.028
848499.01053, 3,   1.099, -0.156,  9.641, 4,  -0.055,  0.027,  1.440, 5, -42.430,  6.792,-20.587
848499.02055, 3,   1.056, -0.627,  9.594, 4,   0.057,  0.128,  1.282, 5, -42.430,  6.792,-20.587
848499.03053, 3,   1.028,  0.044,  9.723, 4,   0.012, -0.012,  1.066, 5, -42.991,  7.006,-21.530
848499.04055, 3,   0.976,  0.040,  9.783, 4,  -0.006, -0.045,  0.890, 5, -42.991,  7.006,-21.530
848499.05054, 3,   0.980,  0.111,  9.723, 4,   0.005, -0.017,  0.712, 5, -42.790,  7.980,-20.333
848499.06054, 3,   1.198,  0.172,  9.699, 4,  -0.001, -0.015,  0.539, 5, -42.790,  7.980,-20.333
848499.07054, 3,   1.313,  0.123,  9.787, 4,  -0.002, -0.014,  0.360, 5, -43.426,  7.469,-18.832
848499.08051, 3,  -0.012, -0.044,  9.691, 4,  -0.002, -0.006,  0.129, 5, -43.426,  7.469,-18.832
848499.09054, 3,  -0.073, -0.048,  9.744, 4,   0.006,  0.019,  0.001, 5, -42.846,  8.505,-20.677
848499.10053, 3,  -0.091, -0.051,  9.736, 4,  -0.000,  0.001,  0.002, 5, -42.846,  8.505,-20.677
848499.11053, 3,  -0.097, -0.063,  9.766, 4,   0.003,  0.002,  0.001, 5, -43.180,  8.489,-19.473
848499.12053, 3,  -0.091, -0.060,  9.749, 4,   0.001,  0.000,  0.002, 5, -43.180,  8.489,-19.473
848499.13051, 3,  -0.079, -0.067,  9.755, 4,   0.000, -0.001, -0.000, 5, -43.741,  8.336,-19.805
848499.14048, 3,  -0.081, -0.072,  9.705, 4,   0.001,  0.000,  0.001, 5, -43.741,  8.336,-19.805
848499.15053, 3,  -0.086, -0.074,  9.747, 4,  -0.002, -0.001, -0.000, 5, -42.623,  9.187,-21.324
848499.16054, 3,  -0.081, -0.067,  9.742, 4,   0.000,  0.000, -0.000, 5, -42.623,  9.187,-21.324
848499.17053, 3,  -0.083, -0.075,  9.730, 4,  -0.002, -0.001,  0.001, 5, -43.534,  8.163,-18.922
848499.18054, 3,  -0.081, -0.061,  9.734, 4,   0.000, -0.000,  0.001, 5, -43.534,  8.163,-18.922
848499.19055, 3,  -0.093, -0.068,  9.748, 4,   0.001, -0.000, -0.001, 5, -42.954,  9.139,-20.147
848499.20054, 3,  -0.091, -0.065,  9.723, 4,   0.000,  0.000,  0.002, 5, -42.954,  9.139,-20.147
848499.21054, 3,  -0.090, -0.055,  9.738, 4,   0.001, -0.000,  0.003, 5, -43.213,  8.666,-21.055
848499.22054, 3,  -0.099, -0.066,  9.750, 4,  -0.000,  0.003, -0.000, 5, -43.213,  8.666,-21.055
848499.23054, 3,  -0.114, -0.062,  9.728, 4,   0.001,  0.002,  0.001, 5, -43.005,  8.922,-19.280
848499.24054, 3,  -0.102, -0.063,  9.731, 4,   0.001,  0.001,  0.002, 5, -43.005,  8.922,-19.280
848499.25054, 3,  -0.117, -0.068,  9.755, 4,   0.000,  0.000,  0.002, 5, -42.438,  8.626,-21.054
848499.26054, 3,  -0.111, -0.056,  9.728, 4,   0.001,  0.002,  0.001, 5, -42.438,  8.626,-21.054
848499.27049, 3,  -0.097, -0.050,  9.744, 4,   0.000,  0.001,  0.001, 5, -43.737,  8.290,-21.647
848499.28053, 3,  -0.103, -0.054,  9.746, 4,   0.001,  0.000, -0.001, 5, -43.737,  8.290,-21.647
848499.29053, 3,  -0.102, -0.048,  9.724, 4,   0.001, -0.000, -0.001, 5, -43.494,  8.272,-21.639
848499.30054, 3,  -0.101, -0.048,  9.737, 4,  -0.002,  0.001, -0.001, 5, -43.494,  8.272,-21.639
848499.31054, 3,  -0.101, -0.050,  9.748, 4,   0.002, -0.000, -0.000, 5, -42.988,  8.081,-21.343
848499.32055, 3,  -0.091, -0.045,  9.731, 4,   0.001, -0.001,  0.001, 5, -42.988,  8.081,-21.343
848499.33049, 3,  -0.080, -0.048,  9.748, 4,   0.001, -0.001, -0.000, 5, -43.742,  7.732,-21.344
848499.34054, 3,  -0.086, -0.045,  9.736, 4,   0.001,  0.001,  0.002, 5, -43.742,  7.732,-21.344
848499.35055, 3,  -0.080, -0.048,  9.741, 4,   0.001, -0.001,  0.001, 5, -43.519,  7.682,-20.785
848499.36053, 3,  -0.077, -0.048,  9.742, 4,   0.001, -0.001, -0.000, 5, -43.519,  7.682,-20.785
848499.37049, 3,  -0.078, -0.057,  9.729, 4,   0.001, -0.001,  0.001, 5, -43.988,  8.028,-19.500
848499.38054, 3,  -0.079, -0.057,  9.748, 4,   0.002,  0.002,  0.001, 5, -43.988,  8.028,-19.500
848499.39049, 3,  -0.080, -0.051,  9.736, 4,   0.003,  0.000,  0.001, 5, -43.699,  8.098,-20.757
848499.40055, 3,  -0.087, -0.065,  9.740, 4,   0.001, -0.001,  0.001, 5, -43.699,  8.098,-20.757
848499.41054, 3,  -0.098, -0.061,  9.743, 4,  -0.000, -0.001, -0.001, 5, -43.704,  8.003,-19.420
848499.42055, 3,  -0.093, -0.072,  9.735, 4,   0.001,  0.001, -0.002, 5, -43.704,  8.003,-19.420
848499.43054, 3,  -0.103, -0.068,  9.735, 4,   0.000,  0.000,  0.002, 5, -43.422,  8.097,-20.625
848499.44051, 3,  -0.107, -0.062,  9.741, 4,  -0.000, -0.001, -0.001, 5, -43.422,  8.097,-20.625
848499.45054, 3,  -0.101, -0.059,  9.725, 4,  -0.002, -0.000,  0.001, 5, -43.188,  7.736,-20.024
848499.46048, 3,  -0.111, -0.057,  9.732, 4,  -0.000, -0.001, -0.001, 5, -43.188,  7.736,-20.024
848499.47053, 3,  -0.109, -0.063,  9.738, 4,   0.001, -0.000,  0.001, 5, -43.275,  7.638,-20.385
848499.48053, 3,  -0.095, -0.045,  9.740, 4,  -0.002,  0.001,  0.001, 5, -43.275,  7.638,-20.385
848499.49053, 3,  -0.092, -0.047,  9.738, 4,   0.000, -0.000, -0.000, 5, -43.400,  7.700,-20.400
848499.50053, 3,  -0.102, -0.060,  9.741, 4,   0.003,  0.000, -0.000, 5, -43.400,  7.700,-20.400
848499.51053, 3,  -0.090, -0.063,  9.749, 4,  -0.001,  0.000, -0.000, 5, -43.500,  8.000,-20.400
848499.52054, 3,  -0.093, -0.055,  9.734, 4,   0.000,  0.000, -0.001, 5, -43.500,  8.000,-20.400
848499.53053, 3,  -0.095, -0.061,  9.736, 4,  -0.002,  0.000, -0.000, 5, -43.600,  8.200,-20.400
848499.54049, 3,  -0.092, -0.062,  9.735, 4,   0.001,  0.002, -0.001, 5, -43.600,  8.200,-20.400
848499.55054, 3,  -0.099, -0.059,  9.730, 4,   0.001,  0.000,  0.001, 5, -43.700,  8.500,-20.500
848499.56050, 3,  -0.093, -0.063,  9.731, 4,   0.001, -0.001, -0.000, 5, -43.700,  8.500,-20.500
848499.57049, 3,  -0.099, -0.067,  9.738, 4,   0.001,  0.000, -0.000, 5, -43.700,  8.600,-20.400
848499.58049, 3,  -0.091, -0.055,  9.746, 4,   0.000, -0.000,  0.002, 5, -43.700,  8.600,-20.400
848499.59050, 3,  -0.103, -0.065,  9.731, 4,   0.001,  0.002, -0.000, 5, -43.700,  8.800,-20.500
848499.60052, 3,  -0.104, -0.056,  9.747, 4,  -0.000,  0.001,  0.001, 5, -43.700,  8.800,-20.500
848499.61051, 3,  -0.083, -0.061,  9.759, 4,  -0.002,  0.002,  0.001, 5, -43.700,  8.800,-20.400
848499.62053, 3,  -0.224,  0.667,  6.953, 4,   0.000,  0.001,  0.001, 5, -43.700,  8.800,-20.400
848499.63051, 3,  -0.199, -0.317,  9.033, 4,   0.059,  0.206,  0.002, 5, -43.700,  8.900,-20.400
848499.64050, 3,  -0.122, -0.048,  9.589, 4,   0.021,  0.057, -0.001, 5, -43.700,  8.900,-20.400
848499.65051, 3,  -0.119, -0.047,  9.641, 4,  -0.000, -0.006,  0.002, 5, -43.700,  8.900,-20.400
848499.66051, 3,  -0.077, -0.072,  9.995, 4,  -0.024, -0.084, -0.000, 5, -43.700,  8.900,-20.400
848499.67051, 3,  -0.102, -0.067,  9.675, 4,  -0.019, -0.061,  0.001, 5, -43.700,  8.900,-20.400
848499.68048, 3,  -0.098, -0.066,  9.756, 4,   0.002,  0.010, -0.002, 5, -43.700,  8.900,-20.400
