0.9983066916465759 ,  0.0005993969389237463 ,  0.0003809243789874017 ,  0.0007184043643064797
  
0.9983124732971191 ,  4.0409719076706097e-05 ,  4.108903885935433e-05 ,  -2.4697968910913914e-05
  
0.9983119368553162 ,  -0.00048216647701337934 ,  -0.00030206405790522695 ,  -0.0007783285691402853
  
-0.9983118176460266 ,  0.0009069283260032535 ,  -0.0003597394679673016 ,  0.00016854546265676618
  
0.9983119368553162 ,  -0.00033071820507757366 ,  0.0007252323557622731 ,  0.0005804249085485935
  
0.9983124136924744 ,  0.0001401444897055626 ,  7.848988025216386e-05 ,  -2.1284826289047487e-05
  
0.9983119368553162 ,  -0.0003144018992315978 ,  0.0007309888023883104 ,  0.000572423858102411
  
-0.9983104467391968 ,  0.0007523929234594107 ,  -0.0013985888799652457 ,  -0.001162227476015687
  
-0.9983089566230774 ,  0.0001742669119266793 ,  -0.0017819287022575736 ,  -0.0018994675483554602
  
0.9983108639717102 ,  0.0002913492207881063 ,  0.0011305934749543667 ,  0.0013097368646413088
  
-0.9983118176460266 ,  0.00027186673833057284 ,  -0.0007719573914073408 ,  -0.0005725686787627637
  
-0.9983104467391968 ,  0.0007026148959994316 ,  -0.0014498840318992734 ,  -0.0011507411254569888
  
0.9983106255531311 ,  -0.0012295986525714397 ,  0.001391484634950757 ,  0.0003642038500402123
  
-0.9983065724372864 ,  0.0016122297383844852 ,  -0.0028689459431916475 ,  -0.0009027580381371081
  
0.9983065128326416 ,  -0.0021461357828229666 ,  0.0026952936314046383 ,  0.00014801621728111058
  
-0.9983065128326416 ,  0.0027024189475923777 ,  -0.0020425075199455023 ,  0.000549881428014487
  
-0.9983052015304565 ,  0.0032569465693086386 ,  -0.0014653013786301017 ,  0.0012549106031656265
  
0.998302698135376 ,  -0.003813898889347911 ,  0.000902683415915817 ,  -0.0019654761999845505
  
-0.9983041286468506 ,  0.0031348485499620438 ,  -0.0001799478632165119 ,  0.0025709480978548527
  
-0.9983078241348267 ,  0.0023916782811284065 ,  -0.0016499652992933989 ,  0.0007992290193215013
  
-0.998279333114624 ,  0.0021217407193034887 ,  -0.0006569364340975881 ,  -0.007797109894454479
  
0.9981684684753418 ,  -0.0017988847102969885 ,  -0.0027378378435969353 ,  0.0166249331086874
  
-0.997941792011261 ,  0.0021699443459510803 ,  0.0039637405425310135 ,  -0.026813849806785583
  
0.9977197647094727 ,  -0.002250674646347761 ,  -0.004759586416184902 ,  0.03398820757865906
  
-0.9975311756134033 ,  0.0026449928991496563 ,  0.004823567345738411 ,  -0.03910254314541817
  
0.9974027872085571 ,  -0.0032892031595110893 ,  -0.006020368076860905 ,  0.04205513373017311
  
0.9972396492958069 ,  -0.003750275354832411 ,  -0.006081616040319204 ,  0.045708488672971725
  
-0.997096061706543 ,  0.0041367728263139725 ,  0.006790671497583389 ,  -0.04862295836210251
  
-0.9968745112419128 ,  0.0034908705856651068 ,  0.0058077857829630375 ,  -0.05313492566347122
  
-0.9966080784797668 ,  0.003271282883360982 ,  0.005260022357106209 ,  -0.05798370763659477
  
0.9964285492897034 ,  -0.0036383226979523897 ,  -0.006246048957109451 ,  0.060877203941345215
  
0.9962593913078308 ,  -0.003621388226747513 ,  -0.007084374316036701 ,  0.06349781900644302
  
0.9961249232292175 ,  -0.0034916475415229797 ,  -0.00770219461992383 ,  0.06551250070333481
  
-0.9959338903427124 ,  0.003062773961573839 ,  0.008660511113703251 ,  -0.06825871765613556
  
-0.9958237409591675 ,  0.0034166369587183 ,  0.009923310950398445 ,  -0.06965597718954086
  
0.9957757592201233 ,  -0.00392010435461998 ,  -0.010124803520739079 ,  0.0702841579914093
  
0.9958792328834534 ,  -0.0035278231371194124 ,  -0.01390061341226101 ,  0.06816910207271576
  
-0.9958767294883728 ,  0.002575124381110072 ,  0.017667200416326523 ,  -0.06736423075199127
  
-0.9959001541137695 ,  0.0015781486872583628 ,  0.01906328834593296 ,  -0.06666384637355804
  
0.996150016784668 ,  -0.003630066057667136 ,  -0.017073240131139755 ,  0.06331397593021393
  
0.996284544467926 ,  -0.0042585586197674274 ,  -0.013708014041185379 ,  0.061954475939273834
  
0.9963505864143372 ,  -0.004078651778399944 ,  -0.022271322086453438 ,  0.05831369012594223
  
-0.9962502121925354 ,  0.0015112543478608131 ,  0.028011729940772057 ,  -0.0576765350997448
  
0.996027946472168 ,  -0.0009045049082487822 ,  -0.026916256174445152 ,  0.06189507246017456
  
0.9957467317581177 ,  -0.000980218406766653 ,  -0.01659660041332245 ,  0.06956404447555542
  
0.9953106045722961 ,  -0.0006034756661392748 ,  -0.009863365441560745 ,  0.07672247290611267
  
-0.9948519468307495 ,  0.00025840793387033045 ,  0.008538647554814816 ,  -0.08260378241539001
  
0.994515061378479 ,  -0.0014651382807642221 ,  -0.007296949625015259 ,  0.08667493611574173
  
-0.9942100644111633 ,  0.0038365721702575684 ,  0.00331280124373734 ,  -0.09026313573122025
  
-0.9939926862716675 ,  0.006101652979850769 ,  -0.004341755528002977 ,  -0.0924641564488411
  
0.9938936829566956 ,  -0.002745309378951788 ,  -0.0016564099350944161 ,  0.0937708169221878
  
0.9940274953842163 ,  -0.004219680093228817 ,  -0.005200390238314867 ,  0.09215503185987473
  
-0.9940500259399414 ,  0.004446815233677626 ,  0.0014227683423087 ,  -0.09203814715147018
  
0.9941550493240356 ,  -0.001354878069832921 ,  -0.0005514405784197152 ,  0.09100384265184402
  
-0.9947017431259155 ,  0.0034137885086238384 ,  0.00014837612980045378 ,  -0.0847645103931427
  
0.9951580762863159 ,  -0.0043397331610322 ,  0.0027553762774914503 ,  0.07912442833185196
  
-0.9956071972846985 ,  0.0016521770739927888 ,  -0.001515852170996368 ,  -0.07340404391288757
  
0.9961900115013123 ,  -0.002079947851598263 ,  0.0010047976393252611 ,  0.06502307206392288
  
0.9966559410095215 ,  -0.0027484113816171885 ,  0.0017260457389056683 ,  0.05738738179206848
  
-0.9970395565032959 ,  0.0004977666540071368 ,  0.0012503663310781121 ,  -0.05037154629826546
  
-0.9973437190055847 ,  0.00022118815104477108 ,  -0.0005325032398104668 ,  -0.04395917430520058
  
0.9976340532302856 ,  -0.0011392903979867697 ,  0.0033222660422325134 ,  0.036624811589717865
  
-0.9978547692298889 ,  -0.0002193115942645818 ,  -0.001339439768344164 ,  -0.030188575387001038
  
0.9980605840682983 ,  -0.0023917711805552244 ,  0.0033318144269287586 ,  0.022044412791728973
  
-0.9982126355171204 ,  0.0024594312999397516 ,  -0.008418955840170383 ,  -0.011042018420994282
  
0.9982603192329407 ,  -0.0014429576694965363 ,  0.010003359988331795 ,  0.0011534732766449451
  
-0.998248815536499 ,  0.0005205081542953849 ,  -0.01026581134647131 ,  0.0045868707820773125
  
-0.9982733726501465 ,  -0.0018661009380593896 ,  -0.006738911848515272 ,  0.00536996778100729
  
0.9982883334159851 ,  0.002690513851121068 ,  0.00025374782853759825 ,  -0.006385715212672949
  
-0.9982969760894775 ,  -0.004096080083400011 ,  -0.00026014569448307157 ,  0.003738990519195795
  
0.9983002543449402 ,  0.003620522329583764 ,  -0.0005061213742010295 ,  -0.0033019566908478737
  
-0.9983041286468506 ,  -0.0032981447875499725 ,  0.0008458958473056555 ,  0.0022246059961616993
  
-0.9983057379722595 ,  -0.003027654020115733 ,  0.0002548011834733188 ,  0.002029223833233118
  
-0.9983031153678894 ,  -0.0025013363920152187 ,  -0.0021881386637687683 ,  0.0027455284725874662
  
-0.9982897043228149 ,  -0.003831172361969948 ,  -0.003823861014097929 ,  0.0040176985785365105
  
0.9982662200927734 ,  0.002094995928928256 ,  0.0014278710586950183 ,  -0.009259996935725212
  
-0.9981819987297058 ,  -0.0027112229727208614 ,  -0.00311703491024673 ,  0.015593665651977062
  
0.9979917407035828 ,  0.004208507016301155 ,  0.003834411036223173 ,  -0.024643220007419586
  
0.9976415634155273 ,  0.008993064984679222 ,  0.0064604757353663445 ,  -0.03486815094947815
  
0.9971538782119751 ,  0.011070337146520615 ,  0.0006554275169037282 ,  -0.04678104817867279
  
0.996652364730835 ,  0.0106625035405159 ,  0.0014711216790601611 ,  -0.05652684345841408
  
0.996068000793457 ,  0.014198322780430317 ,  -0.001565471407957375 ,  -0.06535682827234268
  
-0.9957169890403748 ,  -0.01362879853695631 ,  0.0006489246152341366 ,  0.0706317126750946
  
0.9953765273094177 ,  0.013524066656827927 ,  -0.0025558732450008392 ,  -0.07525938749313354
  
0.9952269792556763 ,  0.014058543369174004 ,  -0.00130821717903018 ,  -0.07714948058128357
  
0.9950497150421143 ,  0.014205231331288815 ,  -0.0008042954141274095 ,  -0.07937653362751007
  
-0.9949589967727661 ,  -0.014418031089007854 ,  0.004253365099430084 ,  0.08036739379167557
  
0.9950131177902222 ,  0.0160506684333086 ,  -0.0024744411930441856 ,  -0.07945514470338821
  
-0.9949172139167786 ,  -0.017116041854023933 ,  0.004154563881456852 ,  0.08035249263048172
  
0.9948040246963501 ,  0.019051015377044678 ,  -0.00389659870415926 ,  -0.08132603019475937
  
-0.9946615695953369 ,  -0.01954413764178753 ,  0.003445681417360902 ,  0.08296298235654831
  
-0.994426429271698 ,  -0.018763331696391106 ,  0.0017095895018428564 ,  0.08596226572990417
  
-0.9938994646072388 ,  -0.01587805710732937 ,  0.0012607697863131762 ,  0.09239506721496582
  
-0.9933694005012512 ,  -0.010940232314169407 ,  -0.001324575743637979 ,  0.09861007332801819
  
0.9927628636360168 ,  0.003580682445317507 ,  0.005515654105693102 ,  -0.10491466522216797
  
-0.991877019405365 ,  0.005913257598876953 ,  -0.011416008695960045 ,  0.11243704706430435
  
-0.9908810257911682 ,  0.004360024817287922 ,  -0.0029204674065113068 ,  0.12146492302417755
  
0.9901584982872009 ,  -0.004584520123898983 ,  0.0020666378550231457 ,  -0.12723475694656372
  
-0.9895336031913757 ,  0.0036667403765022755 ,  -0.002442151540890336 ,  0.1320318728685379
  
-0.9886838793754578 ,  0.002215075073763728 ,  -0.0008865769486874342 ,  0.1382947415113449
  
-0.9880140423774719 ,  0.0005950730410404503 ,  -0.0031252249609678984 ,  0.14298999309539795
  
0.9873223900794983 ,  0.0019901783671230078 ,  0.005379329901188612 ,  -0.1476094275712967
  
-0.9866579174995422 ,  -0.0019453630084171891 ,  -0.009707070887088776 ,  0.15177175402641296
  
0.9859820604324341 ,  0.0033642651978880167 ,  0.010634428821504116 ,  -0.15602290630340576
  
0.9851824045181274 ,  0.0037489240057766438 ,  0.008156847208738327 ,  -0.16112682223320007
  
-0.9843825101852417 ,  -0.005174656398594379 ,  -0.006715074181556702 ,  0.16596998274326324
  
-0.9838201999664307 ,  -0.0064833262003958225 ,  -0.006335535552352667 ,  0.16924704611301422
  
0.9831684231758118 ,  0.007380327675491571 ,  0.006190955638885498 ,  -0.1729564368724823
  
0.9824331998825073 ,  0.008975195698440075 ,  0.004257387947291136 ,  -0.17706790566444397
  
-0.9822550415992737 ,  -0.00941514316946268 ,  -0.005486370529979467 ,  0.1780024617910385
  
0.9821624755859375 ,  0.010131859220564365 ,  0.007915817201137543 ,  -0.17838241159915924
  
0.9815411567687988 ,  0.01347869262099266 ,  0.007932060398161411 ,  -0.18155235052108765
  
-0.9812672138214111 ,  -0.012770980596542358 ,  -0.0091950548812747 ,  0.1830175668001175
  
0.9808323979377747 ,  0.013816647231578827 ,  0.004778596572577953 ,  -0.1854209303855896
  
-0.9806219339370728 ,  -0.014305124059319496 ,  -0.005304490681737661 ,  0.18647973239421844
  
-0.9807698726654053 ,  -0.015459289774298668 ,  -0.007351890206336975 ,  0.18554450571537018
  
-0.980728268623352 ,  -0.016599979251623154 ,  -0.007365002296864986 ,  0.18566371500492096
  
0.9808717966079712 ,  0.014492529444396496 ,  0.007338146213442087 ,  -0.1850818395614624
  
0.9809077978134155 ,  0.011971410363912582 ,  0.0042214421555399895 ,  -0.18516317009925842
  
0.9809650182723999 ,  0.012546218931674957 ,  0.0005550369969569147 ,  -0.1848740130662918
  
-0.9810355305671692 ,  -0.012905150651931763 ,  -0.001364772324450314 ,  0.18446442484855652
  
0.9812697768211365 ,  0.012662596069276333 ,  0.00020143292204011232 ,  -0.18324342370033264
  
-0.9812157154083252 ,  -0.014613847248256207 ,  0.0025399019941687584 ,  0.18337033689022064
  
0.9812303185462952 ,  0.015659604221582413 ,  0.002516592387109995 ,  -0.18320752680301666
  
-0.9807115793228149 ,  -0.01699056848883629 ,  -0.0008374429307878017 ,  0.18585364520549774
  
0.9802698493003845 ,  0.01880970038473606 ,  0.004510261118412018 ,  -0.1879504770040512
  
0.9796212911605835 ,  0.019716858863830566 ,  0.00711882533505559 ,  -0.1911325454711914
  
-0.9785405993461609 ,  -0.01923895813524723 ,  -0.006356850266456604 ,  0.1966562420129776
  
-0.9773035645484924 ,  -0.019686464220285416 ,  -0.009701392613351345 ,  0.20254027843475342
  
0.9760836362838745 ,  0.022067591547966003 ,  0.0152891855686903 ,  -0.20776887238025665
  
-0.9748343229293823 ,  -0.023010708391666412 ,  -0.0123065747320652 ,  0.21364833414554596
  
-0.974115252494812 ,  -0.022458795458078384 ,  -0.009030655026435852 ,  0.21712198853492737
  
0.9741199016571045 ,  0.02291714772582054 ,  0.008068135008215904 ,  -0.21708697080612183
  
-0.9751801490783691 ,  -0.02256821095943451 ,  -0.00854155607521534 ,  0.212297260761261
  
-0.9760783314704895 ,  -0.018736515194177628 ,  -0.006346998270601034 ,  0.20858225226402283
  
0.9770999550819397 ,  0.017044788226485252 ,  0.0041884020902216434 ,  -0.20394572615623474
  
-0.9773409962654114 ,  -0.02024231292307377 ,  -0.010444455780088902 ,  0.20226506888866425
  
0.9780553579330444 ,  0.01932826079428196 ,  0.00970128271728754 ,  -0.1989186406135559
  
-0.9790292382240295 ,  -0.017978360876441002 ,  -0.009152337908744812 ,  0.19422586262226105
  
0.9790265560150146 ,  0.01871381141245365 ,  0.008013813756406307 ,  -0.1942148059606552
  
-0.9790656566619873 ,  -0.01845208741724491 ,  -0.00952166598290205 ,  0.19397926330566406
  
0.9790802597999573 ,  0.01756969839334488 ,  0.008686822839081287 ,  -0.19402556121349335
  
0.9793813824653625 ,  0.01637658104300499 ,  0.004536465276032686 ,  -0.1927475780248642
  
-0.9803982973098755 ,  -0.013630414381623268 ,  -0.0022292600478976965 ,  0.18776722252368927
  
-0.9806615710258484 ,  -0.012043612077832222 ,  -0.004125519655644894 ,  0.18646065890789032
  
-0.980284571647644 ,  -0.014118185266852379 ,  -0.00513497507199645 ,  0.18826214969158173
  
0.9804210066795349 ,  0.014410588890314102 ,  0.0023548523895442486 ,  -0.18758532404899597
  
0.9807542562484741 ,  0.014503870159387589 ,  -0.000544742972124368 ,  -0.18584725260734558
  
-0.9813925623893738 ,  -0.013461734168231487 ,  0.001955117331817746 ,  0.18251588940620422
  
0.9825236797332764 ,  0.01293498370796442 ,  -0.0031498868484050035 ,  -0.1763473004102707
  
-0.9835609793663025 ,  -0.014323935844004154 ,  0.004157339688390493 ,  0.17033421993255615
  
-0.9847010970115662 ,  -0.015900330618023872 ,  0.010959391482174397 ,  0.16314908862113953
  
-0.9855850338935852 ,  -0.01964152231812477 ,  0.021648716181516647 ,  0.15619120001792908
  
0.9871986508369446 ,  0.018731622025370598 ,  -0.013757636770606041 ,  -0.14671912789344788
  
-0.9877628684043884 ,  -0.020946690812706947 ,  0.010946626774966717 ,  0.14281046390533447
  
-0.9878414273262024 ,  -0.024653898552060127 ,  0.005714028142392635 ,  0.1419762223958969
  
0.9876626133918762 ,  0.02645845338702202 ,  2.8663627745117992e-05 ,  -0.1430014967918396
  
-0.9877718687057495 ,  -0.025544673204421997 ,  -0.004876656923443079 ,  0.14232856035232544
  
0.988338053226471 ,  0.02078203111886978 ,  0.006141123361885548 ,  -0.1390877217054367
  
-0.9889001250267029 ,  -0.015744946897029877 ,  -0.00402040546759963 ,  0.13579249382019043
  
0.9893046021461487 ,  0.018036095425486565 ,  0.0030288444831967354 ,  -0.13255177438259125
  
0.9899320006370544 ,  0.017826378345489502 ,  -0.0024672795552760363 ,  -0.1278230845928192
  
-0.9901803135871887 ,  -0.020171688869595528 ,  0.012180945836007595 ,  0.12495817244052887
  
-0.9910845160484314 ,  -0.020590392872691154 ,  0.019121618941426277 ,  0.1165696233510971
  
0.9926265478134155 ,  0.013967441394925117 ,  -0.016674231737852097 ,  -0.10414928942918777
  
0.9936028122901917 ,  0.00834510289132595 ,  -0.01780385710299015 ,  -0.09484220296144485
  
0.9942066073417664 ,  0.011018171906471252 ,  -0.01660437509417534 ,  -0.08822619169950485
  
0.9949288368225098 ,  0.012012286111712456 ,  -0.01146896742284298 ,  -0.0804264172911644
  
-0.9955759048461914 ,  -0.009545212611556053 ,  0.011545351706445217 ,  0.07232747972011566
  
0.9960254430770874 ,  0.012586930766701698 ,  -0.014823496341705322 ,  -0.06467542052268982
  
0.9965987205505371 ,  0.01587221957743168 ,  -0.013871874660253525 ,  -0.054537102580070496
  
-0.9971315264701843 ,  -0.01517542079091072 ,  0.011409093625843525 ,  0.04467812180519104
  
-0.9974477887153625 ,  -0.017107350751757622 ,  0.009247878566384315 ,  0.0367056168615818
  
-0.9977178573608398 ,  -0.018070969730615616 ,  0.010934014804661274 ,  0.027211925014853477
  
0.9979848861694336 ,  0.017972160130739212 ,  -0.008364436216652393 ,  -0.016145847737789154
  
-0.9981301426887512 ,  -0.01687292940914631 ,  0.007674765307456255 ,  0.004449410364031792
  
0.9981392025947571 ,  0.01664789579808712 ,  -0.0073560201562941074 ,  0.0037640125956386328
  
0.998124897480011 ,  0.01646452769637108 ,  -0.003735922509804368 ,  0.009446792304515839
  
-0.9980379939079285 ,  -0.016493625938892365 ,  -0.00011394310422474518 ,  -0.016604989767074585
  
-0.9979047179222107 ,  -0.01666570082306862 ,  -0.007204240188002586 ,  -0.02199464850127697
  
0.9978163838386536 ,  0.01538815163075924 ,  0.008136464282870293 ,  0.026207739487290382
  
-0.9978200197219849 ,  -0.017760513350367546 ,  -0.00823963526636362 ,  -0.02447844296693802
  
0.9978746175765991 ,  0.018733780831098557 ,  0.006391933187842369 ,  0.02196435071527958
  
0.997882604598999 ,  0.018945129588246346 ,  0.0024685892276465893 ,  0.022204574197530746
  
0.9978399872779846 ,  0.019834905862808228 ,  -0.0044785719364881516 ,  0.023009654134511948
  
0.9977340698242188 ,  0.02009440027177334 ,  -0.010799489915370941 ,  0.025170864537358284
  
-0.9975579380989075 ,  -0.018267232924699783 ,  0.017230775207281113 ,  -0.02957877703011036
  
0.9972463846206665 ,  0.015079567208886147 ,  -0.023656878620386124 ,  0.03660190477967262
  
-0.996730387210846 ,  -0.011503192596137524 ,  0.03028574213385582 ,  -0.04589565098285675
  
0.9966074824333191 ,  0.013395030982792377 ,  -0.01912882551550865 ,  0.0534343384206295
  
0.9963372945785522 ,  0.01313066203147173 ,  -0.010624048300087452 ,  0.06044662371277809
  
-0.9957905411720276 ,  -0.013204021379351616 ,  0.009516489692032337 ,  -0.06901602447032928
  
0.995104193687439 ,  0.015142264775931835 ,  -0.007926573045551777 ,  0.07811858505010605
  
0.9942380785942078 ,  0.018838493153452873 ,  -0.009508579969406128 ,  0.08759463578462601
  
-0.9932540059089661 ,  -0.02114417962729931 ,  0.013781576417386532 ,  -0.09714393317699432
  
-0.9922223091125488 ,  -0.02188597247004509 ,  0.019913891330361366 ,  -0.10605082660913467
  
0.9911593794822693 ,  0.01949230022728443 ,  -0.023793227970600128 ,  0.11525832861661911
  
-0.9900516867637634 ,  -0.017357245087623596 ,  0.02541671134531498 ,  -0.12440747022628784
  
0.9891044497489929 ,  0.01647965796291828 ,  -0.023697765544056892 ,  0.13215869665145874
  
0.9882640838623047 ,  0.01505504734814167 ,  -0.020935095846652985 ,  0.13890917599201202
  
-0.9875389933586121 ,  -0.012594109401106834 ,  0.017529325559735298 ,  -0.14466361701488495
  
-0.9869349002838135 ,  -0.011583508923649788 ,  0.01528315618634224 ,  -0.14905887842178345
  
0.9862526655197144 ,  0.013050124049186707 ,  -0.013360253535211086 ,  0.15357038378715515
  
0.9853899478912354 ,  0.014395477250218391 ,  -0.015451262705028057 ,  0.15871109068393707
  
0.9842840433120728 ,  0.014911357313394547 ,  -0.017974382266402245 ,  0.16512474417686462
  
-0.983430802822113 ,  -0.014557035639882088 ,  0.015877654775977135 ,  -0.17037059366703033
  
0.983234167098999 ,  0.014502379111945629 ,  -0.014439898543059826 ,  0.17163416743278503
  
0.9832291603088379 ,  0.01453106664121151 ,  -0.011808384209871292 ,  0.1718614548444748
  
-0.9832615256309509 ,  -0.015024296939373016 ,  0.010347188450396061 ,  -0.17173385620117188
  
-0.9829927086830139 ,  -0.015688341110944748 ,  0.00996920932084322 ,  -0.17322933673858643
  
-0.9831690192222595 ,  -0.01632298342883587 ,  0.0067314086481928825 ,  -0.17232541739940643
  
0.9836945533752441 ,  0.01666204258799553 ,  -0.004164052661508322 ,  0.16934911906719208
  
0.9840584993362427 ,  0.01706942357122898 ,  -0.002634864766150713 ,  0.16720880568027496
  
0.9839597940444946 ,  0.017337504774332047 ,  0.0013564116088673472 ,  0.1677715927362442
  
-0.9833979606628418 ,  -0.01852632686495781 ,  -0.004073052201420069 ,  -0.1708657294511795
  
-0.9821801781654358 ,  -0.020141687244176865 ,  -0.0056822397746145725 ,  -0.17751216888427734
  
-0.9809535145759583 ,  -0.02186504565179348 ,  -0.00703269662335515 ,  -0.18392586708068848
  
0.9801037907600403 ,  0.022699233144521713 ,  0.009597466327250004 ,  0.18818821012973785
  
-0.9797526001930237 ,  -0.023029619827866554 ,  -0.013004551641643047 ,  -0.1897679716348648
  
-0.9796383380889893 ,  -0.02239290066063404 ,  -0.013059301301836967 ,  -0.19043602049350739
  
-0.979247510433197 ,  -0.022512678056955338 ,  -0.012225949205458164 ,  -0.1924680918455124
  
0.9791987538337708 ,  0.021969908848404884 ,  0.009020579978823662 ,  0.1929619014263153
  
-0.9789514541625977 ,  -0.01977866142988205 ,  -0.005229155067354441 ,  -0.19458208978176117
  
0.9787879586219788 ,  0.01989791914820671 ,  -0.0002960045530926436 ,  0.1954604685306549
  
-0.978542685508728 ,  -0.021487589925527573 ,  0.004355869255959988 ,  -0.1964680254459381
  
-0.9781355857849121 ,  -0.023079615086317062 ,  0.008410695940256119 ,  -0.19817587733268738
  
-0.9775648713111877 ,  -0.02327691577374935 ,  0.01174885779619217 ,  -0.20078806579113007
  
-0.9764834046363831 ,  -0.02321620099246502 ,  0.015126286074519157 ,  -0.20576974749565125
  
0.9750060439109802 ,  0.026438772678375244 ,  -0.019127998501062393 ,  0.2119535505771637
  
-0.9738054871559143 ,  -0.027575936168432236 ,  0.01717885211110115 ,  -0.21742980182170868
  
0.9721677899360657 ,  0.02769242785871029 ,  -0.0133053632453084 ,  0.22488075494766235
  
0.970434308052063 ,  0.028713837265968323 ,  -0.01409303117543459 ,  0.23207734525203705
  
0.9685376882553101 ,  0.029611552134156227 ,  -0.01702682115137577 ,  0.2395750880241394
  
0.966219425201416 ,  0.02950630523264408 ,  -0.0183861181139946 ,  0.2486760914325714
  
0.9634101986885071 ,  0.026779931038618088 ,  -0.01750543713569641 ,  0.2596985399723053
  
0.9608715176582336 ,  0.02393782138824463 ,  -0.01759948953986168 ,  0.26920709013938904
  
0.9580957889556885 ,  0.022545799612998962 ,  -0.019471274688839912 ,  0.27891626954078674
  
0.9549089074134827 ,  0.022901764139533043 ,  -0.022098373621702194 ,  0.2894163727760315
  
-0.9521188139915466 ,  -0.021194254979491234 ,  0.021352211013436317 ,  -0.2986541986465454
  
-0.9495482444763184 ,  -0.020289020612835884 ,  0.022057171911001205 ,  -0.3067403733730316
  
0.9466920495033264 ,  0.018758995458483696 ,  -0.02146339975297451 ,  0.31557393074035645
  
-0.9435824155807495 ,  -0.017073681578040123 ,  0.020567458122968674 ,  -0.32490473985671997
  
0.9412539601325989 ,  0.016555756330490112 ,  -0.020916961133480072 ,  0.33160069584846497
  
0.9383780360221863 ,  0.0158314760774374 ,  -0.022671271115541458 ,  0.339575856924057
  
-0.9356008768081665 ,  -0.015205452218651772 ,  0.02368086576461792 ,  -0.34711435437202454
  
0.933070719242096 ,  0.015305900014936924 ,  -0.02367624267935753 ,  0.35384881496429443
  
0.9309204816818237 ,  0.014828396961092949 ,  -0.022555960342288017 ,  0.3595597445964813
  
0.9287651777267456 ,  0.014650803059339523 ,  -0.022319769486784935 ,  0.36511310935020447
  
-0.9270023703575134 ,  -0.014447180554270744 ,  0.024171708151698112 ,  -0.36946386098861694
  
-0.9247338771820068 ,  -0.013220652006566525 ,  0.022625796496868134 ,  -0.37524110078811646
  
0.9227348566055298 ,  0.013424236327409744 ,  -0.021857857704162598 ,  0.3801736831665039
  
0.9197608828544617 ,  0.0138315474614501 ,  -0.021755389869213104 ,  0.3872993290424347
  
-0.9161359667778015 ,  -0.014155350625514984 ,  0.02160663902759552 ,  -0.3957939147949219
  
0.9118697643280029 ,  0.014048470184206963 ,  -0.020420661196112633 ,  0.40559136867523193
  
  
  
  
0.9077565670013428 ,  0.012941651046276093 ,  -0.019085733219981194 ,  0.41481393575668335
  
0.9047958254814148 ,  0.011274752207100391 ,  -0.01804700307548046 ,  0.4213328957557678
  
0.9023848176002502 ,  0.00940160546451807 ,  -0.017381975427269936 ,  0.42654547095298767
  
0.9005760550498962 ,  0.006982598453760147 ,  -0.017152365297079086 ,  0.43040668964385986
  
-0.8994466662406921 ,  -0.005084829870611429 ,  0.015889231115579605 ,  -0.43283694982528687
  
-0.8992308974266052 ,  -0.004889276809990406 ,  0.015457049943506718 ,  -0.43330228328704834
  
-0.898536205291748 ,  -0.004730973858386278 ,  0.01710115559399128 ,  -0.4346756041049957
  
-0.8975386619567871 ,  -0.003372721141204238 ,  0.0186881385743618 ,  -0.4366801977157593
  
0.8966778516769409 ,  0.0023667882196605206 ,  -0.0206256415694952 ,  0.4383694529533386
  
0.8947346806526184 ,  0.002996336203068495 ,  -0.023002102971076965 ,  0.4421958923339844
  
0.8914241194725037 ,  0.0034125258680433035 ,  -0.025763748213648796 ,  0.4486790895462036
  
-0.8866073489189148 ,  -0.00347295799292624 ,  0.0281949695199728 ,  -0.45797935128211975
  
-0.8811256289482117 ,  -0.004115542862564325 ,  0.029576130211353302 ,  -0.46834897994995117
  
-0.8748716711997986 ,  -0.003159482730552554 ,  0.030505653470754623 ,  -0.4798796772956848
  
0.868145227432251 ,  0.002375410869717598 ,  -0.03239050135016441 ,  0.4918316900730133
  
0.8609369993209839 ,  0.0019387356005609035 ,  -0.03267030790448189 ,  0.5043228268623352
  
0.8540829420089722 ,  0.001742960186675191 ,  -0.033880338072776794 ,  0.5157725811004639
  
0.8472027778625488 ,  0.0016503080260008574 ,  -0.03361748158931732 ,  0.5270096659660339
  
0.8403366804122925 ,  0.0024556820280849934 ,  -0.03365470468997955 ,  0.5378850102424622
  
-0.8349133133888245 ,  -0.004170587752014399 ,  0.03240997716784477 ,  -0.5463293790817261
  
0.8311169147491455 ,  0.005676611326634884 ,  -0.030833665281534195 ,  0.5521647334098816
  
-0.8270905017852783 ,  -0.006716637872159481 ,  0.030618520453572273 ,  -0.5581785440444946
  
-0.8250108361244202 ,  -0.006127713248133659 ,  0.028977202251553535 ,  -0.5613477230072021
  
0.8239332437515259 ,  0.005099273752421141 ,  -0.028119709342718124 ,  0.5629814863204956
  
0.8232709169387817 ,  0.00455252593383193 ,  -0.0277397520840168 ,  0.5639732480049133
  
0.822796106338501 ,  0.0061141010373830795 ,  -0.02767295017838478 ,  0.5646538734436035
  
-0.8210166692733765 ,  -0.0061475969851017 ,  0.02674996852874756 ,  -0.5672822594642639
  
-0.8194176554679871 ,  -0.007684339769184589 ,  0.027195394039154053 ,  -0.5695479512214661
  
0.8167431354522705 ,  0.010248894803225994 ,  -0.026542527601122856 ,  0.5733628869056702
  
-0.8125929832458496 ,  -0.01242622546851635 ,  0.023365793749690056 ,  -0.5793256759643555
  
-0.808087170124054 ,  -0.013177754357457161 ,  0.021046249195933342 ,  -0.585669994354248
  
-0.8015134334564209 ,  -0.010667516849935055 ,  0.02148115076124668 ,  -0.594664990901947
  
0.7968131899833679 ,  0.008536212146282196 ,  -0.022041840478777885 ,  0.6009673476219177
  
0.7914116978645325 ,  0.009997623972594738 ,  -0.021089475601911545 ,  0.6080688834190369
  
0.7860913276672363 ,  0.011125904507935047 ,  -0.021734200417995453 ,  0.6148895621299744
  
0.7819564938545227 ,  0.013911260291934013 ,  -0.021823838353157043 ,  0.6200785040855408
  
-0.7790868878364563 ,  -0.015685049816966057 ,  0.022603051736950874 ,  -0.6236154437065125
  
-0.7754489779472351 ,  -0.017750294879078865 ,  0.02285335585474968 ,  -0.6280665397644043
  
0.7732266187667847 ,  0.018643800169229507 ,  -0.021432751789689064 ,  0.6308287978172302
  
-0.7700514793395996 ,  -0.025027893483638763 ,  0.019943350926041603 ,  -0.6345237493515015
  
0.7657945156097412 ,  0.021924447268247604 ,  -0.018510637804865837 ,  0.6398160457611084
  
-0.7613983154296875 ,  -0.011813909746706486 ,  0.02126927301287651 ,  -0.6452212929725647
  
0.7567596435546875 ,  0.014855616725981236 ,  -0.02891913801431656 ,  0.650295078754425
  
0.7524134516716003 ,  0.01316816359758377 ,  -0.027932092547416687 ,  0.655400276184082
  
-0.74772709608078 ,  -0.010393514297902584 ,  0.02271009236574173 ,  -0.660987377166748
  
0.7432348132133484 ,  0.013134263455867767 ,  -0.02510892041027546 ,  0.6659021973609924
  
-0.7365652322769165 ,  -0.014620290137827396 ,  0.030094502493739128 ,  -0.6730365753173828
  
-0.7301366329193115 ,  -0.014845178462564945 ,  0.02839086204767227 ,  -0.6800755262374878
  
0.7234108448028564 ,  0.010308648459613323 ,  -0.029185663908720016 ,  0.6872753500938416
  
0.7174429297447205 ,  0.0035835090093314648 ,  -0.02725921757519245 ,  0.6936488747596741
  
0.7100790739059448 ,  0.0015795731451362371 ,  -0.025413481518626213 ,  0.7012619972229004
  
0.7012113332748413 ,  0.0006646450492553413 ,  -0.026680976152420044 ,  0.710081934928894
  
0.6949241161346436 ,  -0.00016895870794542134 ,  -0.027285069227218628 ,  0.7162136435508728
  
-0.6910052299499512 ,  -0.00042393538751639426 ,  0.026114514097571373 ,  -0.7200424671173096
  
-0.6866223216056824 ,  -0.0009190679993480444 ,  0.024823082610964775 ,  -0.7242680788040161
  
0.6796973943710327 ,  0.004496047273278236 ,  -0.025980256497859955 ,  0.7307137846946716
  
-0.6703058481216431 ,  -0.005140066146850586 ,  0.028277145698666573 ,  -0.7392498850822449
  
-0.6626038551330566 ,  -0.0038779890164732933 ,  0.030614176765084267 ,  -0.7460777759552002
  
-0.6573448777198792 ,  -0.0018530234228819609 ,  0.027331098914146423 ,  -0.7508503794670105
  
-0.6493462324142456 ,  -0.001990759512409568 ,  0.025853898376226425 ,  -0.7578281760215759
  
0.6408302783966064 ,  -0.0007972458261065185 ,  -0.02469715289771557 ,  0.7650867700576782
  
-0.6328466534614563 ,  0.006295288912951946 ,  0.020528733730316162 ,  -0.7717970013618469
  
-0.6283305883407593 ,  0.01325678825378418 ,  0.01400057040154934 ,  -0.7755389213562012
  
-0.6247382760047913 ,  0.015126514248549938 ,  0.008847599849104881 ,  -0.7784757614135742
  
0.6177411079406738 ,  -0.016427159309387207 ,  -0.013095373287796974 ,  0.7839540839195251
  
-0.6094407439231873 ,  0.022358397021889687 ,  0.020084518939256668 ,  -0.7901328802108765
  
0.6020922064781189 ,  -0.02132222056388855 ,  -0.022871028631925583 ,  0.7956973314285278
  
-0.5979726910591125 ,  0.024749387055635452 ,  0.01668623276054859 ,  -0.7988528609275818
  
-0.5938961505889893 ,  0.029575610533356667 ,  0.013471348211169243 ,  -0.8017849922180176
  
0.586929440498352 ,  -0.032085586339235306 ,  -0.013654875569045544 ,  0.8067993521690369
  
0.578717052936554 ,  -0.031327325850725174 ,  -0.01550312153995037 ,  0.8127066493034363
  
0.5707299113273621 ,  -0.03239179402589798 ,  -0.014654688537120819 ,  0.8183073401451111
  
0.5626600384712219 ,  -0.03185589239001274 ,  -0.016308827325701714 ,  0.8238691687583923
  
-0.5530115365982056 ,  0.03243819996714592 ,  0.018563255667686462 ,  -0.8303034901618958
  
0.5455155968666077 ,  -0.030751315876841545 ,  -0.01649981178343296 ,  0.8353549838066101
  
0.5381240248680115 ,  -0.027042951434850693 ,  -0.016207076609134674 ,  0.8402716517448425
  
-0.5307584404945374 ,  0.02370149828493595 ,  0.015655281022191048 ,  -0.845054030418396
  
-0.5254191756248474 ,  0.023104358464479446 ,  0.016526643186807632 ,  -0.8483865261077881
  
0.5208842158317566 ,  -0.02331904135644436 ,  -0.01677664741873741 ,  0.8511652946472168
  
-0.5173870325088501 ,  0.021010659635066986 ,  0.01676286943256855 ,  -0.8533557653427124
  
0.5162311792373657 ,  -0.020565513521432877 ,  -0.016832934692502022 ,  0.854067325592041
  
0.5175437331199646 ,  -0.0169118270277977 ,  -0.019102778285741806 ,  0.853304922580719
  
-0.519064724445343 ,  0.014321666210889816 ,  0.022463783621788025 ,  -0.8523432016372681
  
-0.521155595779419 ,  0.012540137395262718 ,  0.02428290620446205 ,  -0.8510445356369019
  
0.5249311327934265 ,  -0.015226108022034168 ,  -0.023508725687861443 ,  0.8486989736557007
  
0.5300623774528503 ,  -0.015516293235123158 ,  -0.023196306079626083 ,  0.8455069661140442
  
0.5341823101043701 ,  -0.013454504311084747 ,  -0.02381088025867939 ,  0.8429263234138489
  
-0.5382480621337891 ,  0.011869405396282673 ,  0.024321218952536583 ,  -0.8403453230857849
  
0.5419422388076782 ,  -0.010379459708929062 ,  -0.02506781741976738 ,  0.8379684090614319
  
-0.5469430685043335 ,  0.011329516768455505 ,  0.02520647458732128 ,  -0.8346980810165405
  
0.5539799332618713 ,  -0.012068082578480244 ,  -0.025719884783029556 ,  0.8300153613090515
  
-0.559819221496582 ,  0.00969085842370987 ,  0.028387274593114853 ,  -0.8260301351547241
  
-0.567193865776062 ,  0.008270813152194023 ,  0.031633347272872925 ,  -0.8208829164505005
  
-0.5775532722473145 ,  0.007621873635798693 ,  0.033295005559921265 ,  -0.8135674595832825
  
0.5900397896766663 ,  -0.007578754797577858 ,  -0.03301627188920975 ,  0.8045724034309387
  
-0.6027284264564514 ,  0.005682483781129122 ,  0.032517917454242706 ,  -0.7951455116271973
  
0.617401659488678 ,  -0.003958438988775015 ,  -0.03320620208978653 ,  0.7837873697280884
  
0.6329379677772522 ,  -0.0030771789606660604 ,  -0.03334668651223183 ,  0.7712934613227844
  
0.6485138535499573 ,  -0.0018979954766109586 ,  -0.03310495987534523 ,  0.758261501789093
  
-0.6636533141136169 ,  0.0006984725478105247 ,  0.03017359972000122 ,  -0.7451714873313904
  
-0.6788283586502075 ,  0.00012631314166355878 ,  0.025483228266239166 ,  -0.7315499782562256
  
-0.695660412311554 ,  0.0023030356969684362 ,  0.02373206987977028 ,  -0.7156208753585815
  
0.711922824382782 ,  -0.002563094487413764 ,  -0.023466667160391808 ,  0.6994526982307434
  
0.7273579239845276 ,  -0.004084775224328041 ,  -0.020988943055272102 ,  0.6834592819213867
  
-0.7432880997657776 ,  0.007478930987417698 ,  0.01870199479162693 ,  -0.6661412119865417
  
-0.7586234211921692 ,  0.008752948604524136 ,  0.01776016317307949 ,  -0.6486336588859558
  
0.7745380401611328 ,  -0.009170777164399624 ,  -0.017365993931889534 ,  0.6295472979545593
  
-0.7906235456466675 ,  0.009362522512674332 ,  0.01650475338101387 ,  -0.6092437505722046
  
-0.8059496879577637 ,  0.006224603392183781 ,  0.016884371638298035 ,  -0.5888509750366211
  
-0.8199625611305237 ,  0.005277510732412338 ,  0.020299864932894707 ,  -0.5690751671791077
  
0.832416832447052 ,  -0.005702170543372631 ,  -0.0221380814909935 ,  0.5506240129470825
  
-0.8443240523338318 ,  0.007434180937707424 ,  0.01710822992026806 ,  -0.5323493480682373
  
0.8555556535720825 ,  -0.006732346955686808 ,  -0.02031976543366909 ,  0.5139976739883423
  
-0.8648604154586792 ,  0.00529760867357254 ,  0.020145297050476074 ,  -0.49820637702941895
  
0.8727338314056396 ,  -0.0013650850160047412 ,  -0.019380971789360046 ,  0.48433995246887207
  
0.87993323802948 ,  0.003840935882180929 ,  -0.018146581947803497 ,  0.471169114112854
  
0.8877779841423035 ,  0.007945704273879528 ,  -0.021693484857678413 ,  0.45600783824920654
  
-0.8959815502166748 ,  -0.007317362353205681 ,  0.026495110243558884 ,  -0.43941977620124817
  
-0.9036875367164612 ,  -0.005220178514719009 ,  0.03166612982749939 ,  -0.4230196475982666
  
-0.9104828834533691 ,  -0.008333190344274044 ,  0.037644535303115845 ,  -0.40762630105018616
  
-0.9179038405418396 ,  -0.010187669657170773 ,  0.04076739400625229 ,  -0.3902755081653595
  
-0.9258795380592346 ,  -0.011302541941404343 ,  0.03959370404481888 ,  -0.3710499405860901
  
0.9349940419197083 ,  0.01016425434499979 ,  -0.037290386855602264 ,  0.3477330207824707
  
-0.9436087012290955 ,  -0.01076087262481451 ,  0.0350065752863884 ,  -0.323860228061676
  
-0.9508767127990723 ,  -0.0130839254707098 ,  0.03234449401497841 ,  -0.3020605146884918
  
0.9577133059501648 ,  0.0161486454308033 ,  -0.025232115760445595 ,  0.28020328283309937
  
-0.964439332485199 ,  -0.02067333273589611 ,  0.011973963119089603 ,  -0.2567324638366699
  
0.9703246355056763 ,  0.02728421427309513 ,  0.002047829097136855 ,  0.23312175273895264
  
0.9753574728965759 ,  0.031679071485996246 ,  0.0011965708108618855 ,  0.21047237515449524
  
-0.979361891746521 ,  -0.02880144864320755 ,  0.009231041185557842 ,  -0.1912095993757248
  
-0.9827562570571899 ,  -0.024348551407456398 ,  0.008843682706356049 ,  -0.1736244410276413
  
-0.9850519895553589 ,  -0.027638684958219528 ,  0.01705976203083992 ,  -0.15888366103172302
  
-0.9876503944396973 ,  -0.02680082619190216 ,  0.01852305419743061 ,  -0.14182071387767792
  
-0.9901580214500427 ,  -0.024155568331480026 ,  0.01432729884982109 ,  -0.12419635057449341
  
-0.9922917485237122 ,  -0.022611619904637337 ,  0.013761617243289948 ,  -0.10622348636388779
  
0.994042158126831 ,  0.021824214607477188 ,  -0.012130361050367355 ,  0.08878429979085922
  
-0.9955214262008667 ,  -0.020154662430286407 ,  0.011248019523918629 ,  -0.07092474400997162
  
0.9966105818748474 ,  0.02081071026623249 ,  -0.011484821327030659 ,  0.05318265035748482
  
0.9972303509712219 ,  0.027165820822119713 ,  -0.007942922413349152 ,  0.036842867732048035
  
0.9972270727157593 ,  0.041137926280498505 ,  0.0002843449474312365 ,  0.02172730304300785
  
0.997062623500824 ,  0.049347441643476486 ,  0.00211810739710927 ,  0.00731378048658371
  
-0.9972538948059082 ,  -0.045488059520721436 ,  -0.0036529761273413897 ,  0.005427589174360037
  
-0.9974493384361267 ,  -0.038600463420152664 ,  -0.0006694738985970616 ,  0.015215730294585228
  
-0.9973134398460388 ,  -0.038987044245004654 ,  -0.003222321392968297 ,  0.021512029692530632
  
-0.9973105788230896 ,  -0.03645425662398338 ,  -0.0019818872679024935 ,  0.02581881359219551
  
0.9973044395446777 ,  0.035758111625909805 ,  0.0008192756213247776 ,  -0.02705707587301731
  
0.9973750710487366 ,  0.03425537794828415 ,  -0.0005732420249842107 ,  -0.026395073160529137
  
-0.9974076151847839 ,  -0.03500579670071602 ,  0.002937630284577608 ,  0.023903829976916313
  
0.9975085258483887 ,  0.033116377890110016 ,  -0.0017773588187992573 ,  -0.02245909534394741
  
-0.9975985288619995 ,  -0.031919173896312714 ,  0.00479358434677124 ,  0.019583242014050484
  
-0.9976947903633118 ,  -0.030841859057545662 ,  0.002677879761904478 ,  0.01657426543533802
  
-0.9977319836616516 ,  -0.030019380152225494 ,  0.0027025602757930756 ,  0.01580251194536686
  
-0.9977569580078125 ,  -0.030414585024118423 ,  0.00779078621417284 ,  0.011088263243436813
  
-0.9978196620941162 ,  -0.029612762853503227 ,  0.008286582306027412 ,  0.006166139151901007
  
-0.9978182911872864 ,  -0.029297728091478348 ,  0.011095045134425163 ,  0.002197411609813571
  
-0.9977766871452332 ,  -0.03003534860908985 ,  0.011791466735303402 ,  -0.00527952192351222
  
0.9977977275848389 ,  0.02983826957643032 ,  -0.008358546532690525 ,  0.008175753988325596
  
-0.997796356678009 ,  -0.029733913019299507 ,  0.005781364161521196 ,  -0.01061162631958723
  
-0.9977425932884216 ,  -0.030106212943792343 ,  0.007151991128921509 ,  -0.013416266068816185
  
-0.9977500438690186 ,  -0.028819972649216652 ,  0.008673667907714844 ,  -0.014735265634953976
  
0.9976523518562317 ,  0.029378501698374748 ,  -0.010056561790406704 ,  0.018788453191518784
  
0.9976359605789185 ,  0.0293682049959898 ,  -0.009251452051103115 ,  0.020050309598445892
  
0.997624397277832 ,  0.02851756475865841 ,  -0.007698344998061657 ,  0.02237931452691555
  
-0.9974716901779175 ,  -0.028338447213172913 ,  0.008809859864413738 ,  -0.028234001249074936
  
-0.9973143935203552 ,  -0.027361132204532623 ,  0.011907367035746574 ,  -0.03319084271788597
  
-0.9971646070480347 ,  -0.02622181735932827 ,  0.011611559428274632 ,  -0.038312092423439026
  
-0.9970105886459351 ,  -0.025404058396816254 ,  0.011442000977694988 ,  -0.042674947530031204
  
0.9966682195663452 ,  0.026404960080981255 ,  -0.013051317073404789 ,  0.04911179840564728
  
-0.9962890148162842 ,  -0.027277747169137 ,  0.011784900911152363 ,  -0.05614399164915085
  
-0.9959036707878113 ,  -0.027039211243391037 ,  0.01200968399643898 ,  -0.0626767948269844
  
-0.9953973889350891 ,  -0.027649912983179092 ,  0.01276562549173832 ,  -0.06988991051912308
  
-0.994785726070404 ,  -0.027749884873628616 ,  0.011868185363709927 ,  -0.0782192125916481
  
-0.9940857291221619 ,  -0.027194125577807426 ,  0.011453610844910145 ,  -0.08689547330141068
  
0.99330073595047 ,  0.026211293414235115 ,  -0.011282868683338165 ,  0.09574735909700394
  
-0.9923844933509827 ,  -0.025053566321730614 ,  0.011677379719913006 ,  -0.10505680739879608
  
-0.9913743734359741 ,  -0.023922692984342575 ,  0.011846289038658142 ,  -0.11442190408706665
  
-0.9901963472366333 ,  -0.0229662898927927 ,  0.012284043245017529 ,  -0.12434367090463638
  
0.988673985004425 ,  0.02211134321987629 ,  -0.011562762781977654 ,  0.13611771166324615
  
-0.9868811964988708 ,  -0.021235419437289238 ,  0.011900786310434341 ,  -0.14865948259830475
  
0.984795331954956 ,  0.020642710849642754 ,  -0.012619624845683575 ,  0.1619233340024948
  
-0.9825037121772766 ,  -0.020997850224375725 ,  0.012973497621715069 ,  -0.17522242665290833
  
0.9804067611694336 ,  0.0207679346203804 ,  -0.014561220072209835 ,  0.186514213681221
  
-0.9783086180686951 ,  -0.02052122913300991 ,  0.0161890871822834 ,  -0.19712473452091217
  
0.9759483933448792 ,  0.02053835056722164 ,  -0.01646827533841133 ,  0.2084648162126541
  
0.9737570881843567 ,  0.020216012373566628 ,  -0.016380608081817627 ,  0.21850721538066864
  
0.9718775749206543 ,  0.0195329412817955 ,  -0.016041018068790436 ,  0.22680500149726868
  
0.9705791473388672 ,  0.018819844350218773 ,  -0.01656949147582054 ,  0.23232737183570862
  
0.9691978693008423 ,  0.01835053786635399 ,  -0.015907643362879753 ,  0.23809814453125
  
-0.9681020975112915 ,  -0.017882701009511948 ,  0.014890028163790703 ,  -0.24261772632598877
  
0.9676629900932312 ,  0.017284296452999115 ,  -0.015143095515668392 ,  0.24439799785614014
  
-0.9670581221580505 ,  -0.01709909737110138 ,  0.01578451693058014 ,  -0.24674347043037415
  
0.9668943881988525 ,  0.01692083291709423 ,  -0.017426693812012672 ,  0.2472943663597107
  
0.9666359424591064 ,  0.017586486414074898 ,  -0.017182517796754837 ,  0.24826599657535553
  
-0.9668383002281189 ,  -0.017938490957021713 ,  0.017725326120853424 ,  -0.24741962552070618
  
0.9667046666145325 ,  0.01760559342801571 ,  -0.017108045518398285 ,  0.24800381064414978
  
-0.966581404209137 ,  -0.01723988726735115 ,  0.016398383304476738 ,  -0.248557448387146
  
0.9664120078086853 ,  0.017903875559568405 ,  -0.016208240762352943 ,  0.24917902052402496
  
0.9665452837944031 ,  0.01825677417218685 ,  -0.016898317262530327 ,  0.24859626591205597
  
-0.9666649103164673 ,  -0.018620776012539864 ,  0.017626646906137466 ,  -0.24805325269699097
  
-0.9664928317070007 ,  -0.019304605200886726 ,  0.01746414601802826 ,  -0.24867521226406097
  
0.9663665890693665 ,  0.0189763642847538 ,  -0.016741368919610977 ,  0.2492424100637436
  
0.966535747051239 ,  0.018335038796067238 ,  -0.016917027533054352 ,  0.24862821400165558
  
-0.9663564562797546 ,  -0.018968671560287476 ,  0.01676361821591854 ,  -0.24927859008312225
  
0.9661785364151001 ,  0.01960974931716919 ,  -0.016599325463175774 ,  0.2499287724494934
  
0.9663050174713135 ,  0.01994897611439228 ,  -0.017320826649665833 ,  0.24936997890472412
  
0.9661278128623962 ,  0.020617321133613586 ,  -0.017168056219816208 ,  0.2500053644180298
  
-0.9662989974021912 ,  -0.01998768374323845 ,  0.01733553595840931 ,  -0.24939079582691193
  
0.96647047996521 ,  0.01935589499771595 ,  -0.017491832375526428 ,  0.2487647384405136
  
-0.9663408994674683 ,  -0.019028935581445694 ,  0.01676209829747677 ,  -0.24933692812919617
  
-0.9662140011787415 ,  -0.018709950149059296 ,  0.01602613367140293 ,  -0.24990041553974152
  
0.9663851857185364 ,  0.01806631125509739 ,  -0.016179513186216354 ,  0.24928101897239685
  
-0.9662594199180603 ,  -0.017753351479768753 ,  0.01544053666293621 ,  -0.24983151257038116
  
-0.9664307832717896 ,  -0.017110560089349747 ,  0.015606467612087727 ,  -0.24920880794525146
  
-0.9663039445877075 ,  -0.01680230163037777 ,  0.01487182267010212 ,  -0.24975985288619995
  
-0.9664791822433472 ,  -0.016170328482985497 ,  0.015031629242002964 ,  -0.24911914765834808
  
-0.966648280620575 ,  -0.015552341938018799 ,  0.015186574310064316 ,  -0.24849176406860352
  
-0.9668175578117371 ,  -0.01492383610457182 ,  0.015336860902607441 ,  -0.2478615790605545
  
0.966987669467926 ,  0.01429079007357359 ,  -0.015487094409763813 ,  0.24722522497177124
  
-0.9671119451522827 ,  -0.014617898501455784 ,  0.016214502975344658 ,  -0.24667130410671234
  
-0.9669359922409058 ,  -0.015276306308805943 ,  0.016052087768912315 ,  -0.24732407927513123
  
0.9670600295066833 ,  0.015601268038153648 ,  -0.016790302470326424 ,  0.2467755228281021
  
0.9671828150749207 ,  0.015917252749204636 ,  -0.017521634697914124 ,  0.24622292816638947
  
-0.9673318266868591 ,  -0.015484227798879147 ,  0.016566669568419456 ,  -0.24573224782943726
  
-0.9672195911407471 ,  -0.015355827286839485 ,  0.015315474942326546 ,  -0.24625763297080994
  
0.9673526883125305 ,  0.015563733875751495 ,  -0.015685511752963066 ,  0.24570146203041077
  
-0.9671812653541565 ,  -0.016207117587327957 ,  0.015588335692882538 ,  -0.24633340537548065
  
0.9670591354370117 ,  0.01591239869594574 ,  -0.015053773298859596 ,  0.24686749279499054
  
-0.9672490358352661 ,  -0.015256373211741447 ,  0.015576612204313278 ,  -0.24613769352436066
  
-0.9670773148536682 ,  -0.01583823189139366 ,  0.015848709270358086 ,  -0.24674932658672333
  
-0.9672001004219055 ,  -0.01617121510207653 ,  0.016586240381002426 ,  -0.24620258808135986
  
-0.9670743942260742 ,  -0.015877489000558853 ,  0.015860585495829582 ,  -0.2467590570449829
  
